,Postcode,State,Latitude,Longitude,Remoteness Area
0,800,NT,-12.458684,130.83668,1
1,810,NT,-12.381806,130.866242,1
2,812,NT,-12.39124885,130.89047,1
3,820,NT,-12.428017,130.873315,1
4,822,NT,-13.643283,136.947051,1
5,828,NT,-12.432024,130.932068,4
6,829,NT,-12.45763297,130.9597671,1
7,830,NT,-12.52139649,130.9580765,1
8,832,NT,-12.49684676,130.9936551,1
9,834,NT,-12.54686461,131.0234875,1
10,835,NT,-12.5231,131.0415,1
11,836,NT,-12.557754,131.100668,1
12,837,NT,-12.704767,131.016647,1
13,838,NT,-12.71878122,131.0067348,1
14,839,NT,-12.52001124,131.0402017,1
15,840,NT,-12.72451307,130.3529386,1
16,841,NT,-12.81922863,130.969862,1
17,845,NT,-13.045118,131.038475,1
18,846,NT,-13.210299,131.095002,1
19,847,NT,-14.012122,131.759154,1
20,850,NT,-14.46369137,132.1721041,1
21,852,NT,-16.07839,134.3769898,1
22,853,NT,-14.53113365,132.3791217,1
23,854,NT,-16.503809,136.424191,1
24,860,NT,-19.641301,134.173599,1
25,862,NT,-18.251528,134.463153,1
26,870,NT,-23.702291,133.86314,1
27,872,NT,-21.949513,131.298809,1
28,873,NT,-23.76846799,133.9306532,1
29,874,NT,-23.64690294,133.8647591,1
30,875,NT,-23.71350386,133.8354205,1
31,880,NT,-12.50557433,135.7954286,1
32,885,NT,-13.85078586,136.420066,1
33,886,NT,-13.13118,132.563373,1
34,2000,NSW,-33.86051951,151.2015802,3
35,2007,NSW,-33.883189,151.19665,3
36,2008,NSW,-33.891146,151.193858,2
37,2009,NSW,-33.871222,151.193055,3
38,2010,NSW,-33.884119,151.212262,2
39,2011,NSW,-33.873599,151.221626,3
40,2015,NSW,-33.910105,151.194825,2
41,2016,NSW,-33.894912,151.206211,3
42,2017,NSW,-33.903892,151.206316,2
43,2018,NSW,-33.9233,151.202697,3
44,2019,NSW,-33.946923,151.207285,3
45,2020,NSW,-33.936179,151.176775,2
46,2021,NSW,-33.895705,151.227236,3
47,2022,NSW,-33.896401,151.245049,2
48,2023,NSW,-33.884685,151.25591,3
49,2024,NSW,-33.904414,151.259392,2
50,2025,NSW,-33.88871,151.240508,2
51,2026,NSW,-33.891041,151.268968,2
52,2027,NSW,-33.868972,151.250494,2
53,2028,NSW,-33.878413,151.240965,2
54,2029,NSW,-33.875709,151.266989,3
55,2030,NSW,-33.858378,151.275977,3
56,2031,NSW,-33.914832,151.239167,2
57,2032,NSW,-33.930314,151.223936,2
58,2033,NSW,-33.91139,151.218435,3
59,2034,NSW,-33.929096,151.252171,2
60,2035,NSW,-33.945635,151.241292,2
61,2036,NSW,-33.969624,151.237844,2
62,2037,NSW,-33.880179,151.184458,2
63,2038,NSW,-33.881624,151.170165,3
64,2039,NSW,-33.867187,151.171915,2
65,2040,NSW,-33.878774,151.156819,2
66,2041,NSW,-33.858556,151.180095,3
67,2042,NSW,-33.900649,151.175354,2
68,2043,NSW,-33.903521,151.184665,2
69,2044,NSW,-33.920698,151.17074,3
70,2045,NSW,-33.879301,151.138684,3
71,2046,NSW,-33.866044,151.133865,3
72,2047,NSW,-33.853924,151.165735,3
73,2048,NSW,-33.89418,151.16564,3
74,2049,NSW,-33.897219,151.15085,3
75,2050,NSW,-33.89037,151.17598,3
76,2060,NSW,-33.839863,151.204557,3
77,2061,NSW,-33.848785,151.212372,3
78,2062,NSW,-33.822837,151.21246,3
79,2063,NSW,-33.812636,151.214797,2
80,2064,NSW,-33.813209,151.183801,3
81,2065,NSW,-33.828361,151.192212,3
82,2066,NSW,-33.818641,151.160912,3
83,2067,NSW,-33.798378,151.17711,3
84,2068,NSW,-33.800881,151.202715,3
85,2069,NSW,-33.780246,151.195368,3
86,2070,NSW,-33.78042,151.162007,3
87,2071,NSW,-33.75536381,151.1814551,3
88,2072,NSW,-33.754582,151.153176,3
89,2073,NSW,-33.757296,151.130278,3
90,2074,NSW,-33.735222,151.123716,3
91,2075,NSW,-33.723693,151.16729,3
92,2076,NSW,-33.723263,151.108249,3
93,2077,NSW,-33.691922,151.097508,3
94,2079,NSW,-33.666637,151.112681,3
95,2080,NSW,-33.658174,151.143563,3
96,2081,NSW,-33.619756,151.150498,3
97,2082,NSW,-33.54620871,151.138709,3
98,2083,NSW,-33.525322,151.194452,3
99,2084,NSW,-33.650999,151.216929,3
100,2085,NSW,-33.728782,151.211719,3
101,2086,NSW,-33.75185,151.229211,3
102,2087,NSW,-33.766093,151.210531,3
103,2088,NSW,-33.830687,151.243351,3
104,2089,NSW,-33.84149573,151.2228263,3
105,2090,NSW,-33.828949,151.223094,3
106,2092,NSW,-33.796636,151.241813,3
107,2093,NSW,-33.79315,151.258069,3
108,2094,NSW,-33.795227,151.273242,4
109,2095,NSW,-33.815482,151.294675,3
110,2096,NSW,-33.776781,151.28494,3
111,2097,NSW,-33.739577,151.297895,2
112,2099,NSW,-33.748914,151.279999,2
113,2100,NSW,-33.766409,151.257781,2
114,2101,NSW,-33.707117,151.27114,2
115,2102,NSW,-33.689941,151.290953,2
116,2103,NSW,-33.679336,151.302825,2
117,2104,NSW,-33.664921,151.290921,3
118,2105,NSW,-33.642202,151.278293,2
119,2106,NSW,-33.660707,151.314599,2
120,2107,NSW,-33.634816,151.323289,3
121,2108,NSW,-33.60382,151.322759,3
122,2110,NSW,-33.836102,151.149126,3
123,2111,NSW,-33.829953,151.124488,2
124,2112,NSW,-33.81658,151.108447,3
125,2113,NSW,-33.79419,151.130233,3
126,2114,NSW,-33.810991,151.084181,3
127,2115,NSW,-33.813106,151.059845,3
128,2116,NSW,-33.814368,151.036941,3
129,2117,NSW,-33.797127,151.04218,3
130,2118,NSW,-33.775596,151.043518,2
131,2119,NSW,-33.755499,151.064176,3
132,2120,NSW,-33.731105,151.07359,2
133,2121,NSW,-33.774145,151.079919,2
134,2122,NSW,-33.791357,151.092072,3
135,2125,NSW,-33.752645,151.031807,2
136,2126,NSW,-33.724898,151.043941,2
137,2127,NSW,-33.85283,151.076186,2
138,2128,NSW,-33.835928,151.047591,3
139,2130,NSW,-33.892783,151.135883,3
140,2131,NSW,-33.887602,151.124008,2
141,2132,NSW,-33.882419,151.113385,3
142,2133,NSW,-33.898793,151.102087,3
143,2134,NSW,-33.880049,151.101757,2
144,2135,NSW,-33.881009,151.084759,2
145,2136,NSW,-33.892944,151.087741,3
146,2137,NSW,-33.85749,151.103751,3
147,2138,NSW,-33.846098,151.086036,2
148,2140,NSW,-33.835018,151.070853,3
149,2141,NSW,-33.872483,151.044768,3
150,2142,NSW,-33.832747,151.015196,3
151,2143,NSW,-33.885382,151.021934,3
152,2144,NSW,-33.851868,151.026756,3
153,2145,NSW,-33.79382308,150.9751544,3
154,2146,NSW,-33.789374,150.959508,3
155,2147,NSW,-33.766075,150.935836,3
156,2148,NSW,-33.783751,150.900547,3
157,2150,NSW,-33.814463,151.006506,3
158,2151,NSW,-33.78709,151.012511,3
159,2152,NSW,-33.782501,150.996388,3
160,2153,NSW,-33.731651,150.955942,3
161,2154,NSW,-33.73238,151.000948,3
162,2155,NSW,-33.731523,150.931074,4
163,2156,NSW,-33.656984,150.974528,3
164,2157,NSW,-33.602167,150.991055,3
165,2158,NSW,-33.690331,151.040358,3
166,2159,NSW,-33.539148,151.084146,3
167,2160,NSW,-33.835883,150.976594,3
168,2161,NSW,-33.858335,150.983724,3
169,2162,NSW,-33.88349,151.004128,3
170,2163,NSW,-33.887203,150.979458,3
171,2164,NSW,-33.844153,150.875028,3
172,2165,NSW,-33.872435,150.947496,3
173,2166,NSW,-33.892738,150.92937,3
174,2167,NSW,-33.972167,150.890441,3
175,2168,NSW,-33.915939,150.875345,3
176,2170,NSW,-33.928392,150.921448,3
177,2171,NSW,-33.93771581,150.8487366,3
178,2172,NSW,-33.951109,150.917444,3
179,2173,NSW,-34.074239,150.919554,3
180,2174,NSW,-33.977497,150.856709,3
181,2175,NSW,-33.845034,150.848192,3
182,2176,NSW,-33.872014,150.88526,3
183,2177,NSW,-33.895053,150.879379,2
184,2178,NSW,-33.87478,150.838225,3
185,2179,NSW,-33.933109,150.812031,3
186,2190,NSW,-33.901925,151.053858,3
187,2191,NSW,-33.906803,151.085513,3
188,2192,NSW,-33.921018,151.089663,3
189,2193,NSW,-33.910308,151.12086,3
190,2194,NSW,-33.917601,151.101777,3
191,2195,NSW,-33.924525,151.076939,3
192,2196,NSW,-33.930089,151.057799,3
193,2197,NSW,-33.901198,150.998155,3
194,2198,NSW,-33.908788,150.986277,3
195,2199,NSW,-33.905586,151.023171,3
196,2200,NSW,-33.926559,151.014937,3
197,2203,NSW,-33.90441,151.138999,3
198,2204,NSW,-33.912288,151.155539,3
199,2205,NSW,-33.937551,151.147956,3
200,2206,NSW,-33.926056,151.122881,3
201,2207,NSW,-33.948744,151.119517,3
202,2208,NSW,-33.942632,151.098002,3
203,2209,NSW,-33.94913,151.075304,3
204,2210,NSW,-33.957725,151.052257,3
205,2211,NSW,-33.961366,151.03221,3
206,2212,NSW,-33.947286,151.014547,3
207,2213,NSW,-33.964102,150.997836,3
208,2214,NSW,-33.941443,150.981592,3
209,2216,NSW,-33.955393,151.148204,3
210,2217,NSW,-33.974354,151.140345,3
211,2218,NSW,-33.973161,151.117453,3
212,2219,NSW,-33.996587,151.132495,3
213,2220,NSW,-33.966692,151.101764,3
214,2221,NSW,-33.992159,151.10599,3
215,2222,NSW,-33.964713,151.084774,3
216,2223,NSW,-33.980264,151.071837,3
217,2224,NSW,-34.01362,151.101891,3
218,2225,NSW,-33.997441,151.087892,3
219,2226,NSW,-34.009345,151.063808,3
220,2227,NSW,-34.04984,151.085005,3
221,2228,NSW,-34.037692,151.101564,3
222,2229,NSW,-34.05494,151.120091,3
223,2230,NSW,-34.093213,151.136596,3
224,2231,NSW,-34.029927,151.193492,3
225,2232,NSW,-34.061753,151.064329,3
226,2233,NSW,-34.114626,151.027919,3
227,2234,NSW,-34.021938,151.004412,3
228,2250,NSW,-33.325373,151.189243,3
229,2251,NSW,-33.482209,151.401999,3
230,2256,NSW,-33.482123,151.331154,3
231,2257,NSW,-33.520358,151.374403,3
232,2258,NSW,-33.333187,151.3433,3
233,2259,NSW,-33.208801,151.377213,3
234,2260,NSW,-33.42537,151.436939,3
235,2261,NSW,-33.315827,151.519708,3
236,2262,NSW,-33.209125,151.528042,3
237,2263,NSW,-33.285097,151.556223,3
238,2264,NSW,-33.106675,151.533807,3
239,2265,NSW,-33.095552,151.412119,3
240,2267,NSW,-33.086545,151.591728,3
241,2278,NSW,-32.932412,151.590415,3
242,2280,NSW,-33.019715,151.663175,3
243,2281,NSW,-33.089963,151.668857,3
244,2282,NSW,-32.987279,151.651275,3
245,2283,NSW,-33.019117,151.57181,3
246,2284,NSW,-32.953236,151.621183,3
247,2285,NSW,-32.933305,151.651095,3
248,2286,NSW,-32.923321,151.532669,3
249,2287,NSW,-32.892577,151.65807,3
250,2289,NSW,-32.948567,151.71008,3
251,2290,NSW,-32.983963,151.707801,3
252,2291,NSW,-32.951039,151.742882,3
253,2292,NSW,-32.931589,151.740716,3
254,2293,NSW,-32.917776,151.754696,3
255,2294,NSW,-32.915791,151.767408,3
256,2295,NSW,-32.879469,151.80174,3
257,2296,NSW,-32.915698,151.746237,3
258,2297,NSW,-32.909135,151.750126,3
259,2298,NSW,-32.905633,151.722243,3
260,2299,NSW,-32.903131,151.690858,3
261,2300,NSW,-32.931635,151.778021,3
262,2302,NSW,-32.931265,151.752466,3
263,2303,NSW,-32.924571,151.743325,3
264,2304,NSW,-32.880319,151.73862,3
265,2305,NSW,-32.930221,151.706545,3
266,2306,NSW,-32.993286,151.682517,3
267,2307,NSW,-32.88365,151.688102,3
268,2308,NSW,-32.892884,151.697356,3
269,2311,NSW,-32.3438,151.522527,3
270,2312,NSW,-32.16165072,152.3722113,3
271,2315,NSW,-32.746224,152.193698,3
272,2316,NSW,-32.776919,152.083274,3
273,2317,NSW,-32.720937,152.076399,3
274,2318,NSW,-32.769906,151.851897,3
275,2319,NSW,-32.730927,152.039551,3
276,2320,NSW,-32.741737,151.543675,3
277,2321,NSW,-32.660186,151.683702,3
278,2322,NSW,-32.819819,151.65415,3
279,2323,NSW,-32.757616,151.607554,3
280,2324,NSW,-32.623108,152.332617,3
281,2325,NSW,-32.977861,151.317476,3
282,2326,NSW,-32.785207,151.453148,3
283,2327,NSW,-32.820688,151.486212,3
284,2328,NSW,-32.57693,150.564817,3
285,2329,NSW,-32.047498,150.187517,3
286,2330,NSW,-32.760486,150.972137,3
287,2331,NSW,-32.7441932,151.1591424,3
288,2333,NSW,-32.248568,150.701949,3
289,2334,NSW,-32.728461,151.385451,3
290,2335,NSW,-32.642118,151.319414,3
291,2336,NSW,-32.14622,151.102917,3
292,2337,NSW,-31.966754,151.080412,3
293,2338,NSW,-31.735174,151.029159,3
294,2339,NSW,-31.735738,150.603274,3
295,2340,NSW,-31.333592,151.138322,3
296,2341,NSW,-31.34664,150.611053,4
297,2342,NSW,-31.155223,150.54907,4
298,2343,NSW,-31.505932,150.372784,4
299,2344,NSW,-31.17375,150.729574,4
300,2345,NSW,-30.864342,150.875031,4
301,2346,NSW,-30.60226666,150.5206378,4
302,2347,NSW,-30.281899,150.523163,4
303,2350,NSW,-30.493397,151.906153,4
304,2352,NSW,-31.088119,151.246189,3
305,2353,NSW,-30.973619,151.095609,3
306,2354,NSW,-31.145898,151.762627,3
307,2355,NSW,-30.775229,151.154222,3
308,2356,NSW,-30.619798,148.96949,3
309,2357,NSW,-31.51588428,149.781025,3
310,2358,NSW,-30.540297,151.297519,3
311,2359,NSW,-30.3248214,150.9955739,3
312,2360,NSW,-29.630052,151.162025,3
313,2361,NSW,-29.198493,151.141751,3
314,2365,NSW,-30.115913,151.673028,3
315,2369,NSW,-29.985367,151.265077,3
316,2370,NSW,-29.736171,151.869397,3
317,2371,NSW,-29.36625,151.814675,3
318,2372,NSW,-28.96166715,151.7288939,3
319,2379,NSW,-31.126265,149.754627,4
320,2380,NSW,-31.046117,150.199154,4
321,2381,NSW,-31.244175,150.457901,4
322,2382,NSW,-30.595044,150.17806,3
323,2386,NSW,-30.07897,148.924417,3
324,2387,NSW,-29.79568858,149.1822101,4
325,2388,NSW,-30.427329,149.001543,3
326,2390,NSW,-30.413331,149.767538,3
327,2395,NSW,-31.584172,149.440922,3
328,2396,NSW,-30.777381,148.984063,3
329,2397,NSW,-29.925739,149.690988,3
330,2398,NSW,-29.741061,149.795738,3
331,2399,NSW,-29.409325,150.222662,3
332,2400,NSW,-29.474921,149.462148,3
333,2401,NSW,-29.611901,150.331619,3
334,2402,NSW,-29.441821,150.547545,3
335,2403,NSW,-29.46368911,150.7837543,3
336,2404,NSW,-29.83711766,150.4165507,3
337,2405,NSW,-28.894651,149.647249,3
338,2406,NSW,-28.893724,148.847796,3
339,2408,NSW,-29.02809007,150.5788791,3
340,2409,NSW,-28.707837,150.185847,3
341,2410,NSW,-28.70513532,150.6884812,3
342,2411,NSW,-29.131193,150.307886,3
343,2415,NSW,-32.306267,151.888327,4
344,2420,NSW,-32.239696,151.685456,3
345,2421,NSW,-32.601853,151.543017,3
346,2422,NSW,-31.973082,151.865806,3
347,2423,NSW,-32.364861,152.270901,3
348,2424,NSW,-31.6402,151.964845,3
349,2425,NSW,-32.417598,152.002451,3
350,2426,NSW,-31.817926,152.595335,3
351,2427,NSW,-31.842318,152.686583,3
352,2428,NSW,-32.196739,152.454216,2
353,2429,NSW,-31.770375,152.292395,2
354,2430,NSW,-31.899311,152.503209,2
355,2431,NSW,-30.925233,153.053789,2
356,2439,NSW,-31.654722,152.652155,3
357,2440,NSW,-30.375791,153.019648,2
358,2441,NSW,-30.81816175,152.7955009,2
359,2443,NSW,-31.725436,152.747152,2
360,2444,NSW,-31.439614,152.87253,2
361,2445,NSW,-31.583037,152.820899,2
362,2446,NSW,-31.387394,152.466916,2
363,2447,NSW,-30.82662169,152.7145508,2
364,2448,NSW,-30.604667,152.956681,2
365,2449,NSW,-30.62816,152.737629,2
366,2450,NSW,-30.097726,152.658268,3
367,2452,NSW,-30.357168,153.08188,2
368,2453,NSW,-30.36840993,152.6703126,2
369,2454,NSW,-30.459807,152.840266,2
370,2455,NSW,-30.529366,152.96348,2
371,2456,NSW,-30.073663,153.143409,3
372,2460,NSW,-29.320772,153.271074,2
373,2462,NSW,-29.829194,153.187047,2
374,2463,NSW,-29.36691,153.104789,2
375,2464,NSW,-29.484556,153.334228,2
376,2465,NSW,-29.412622,153.243897,2
377,2466,NSW,-29.407475,153.350886,3
378,2469,NSW,-29.05366265,152.5892786,2
379,2470,NSW,-28.92786,152.749759,2
380,2471,NSW,-29.018999,153.243213,3
381,2472,NSW,-29.156771,153.303855,3
382,2473,NSW,-29.2343298,153.3210837,3
383,2474,NSW,-28.499375,152.88504,2
384,2475,NSW,-28.546257,152.388341,3
385,2476,NSW,-28.36456,152.49765,3
386,2477,NSW,-28.907675,153.427314,3
387,2478,NSW,-28.865483,153.532475,3
388,2479,NSW,-28.709545,153.514963,3
389,2480,NSW,-28.706486,153.25943,2
390,2481,NSW,-28.660756,153.592843,2
391,2482,NSW,-28.547307,153.432398,3
392,2483,NSW,-28.461128,153.494236,3
393,2484,NSW,-28.38059,153.31648,3
394,2485,NSW,-28.184241,153.526816,3
395,2486,NSW,-28.215215,153.479217,3
396,2487,NSW,-28.27973,153.548588,3
397,2488,NSW,-28.34099,153.560693,3
398,2489,NSW,-28.392183,153.541853,3
399,2490,NSW,-28.271718,153.472644,3
400,2500,NSW,-34.423171,150.874294,3
401,2502,NSW,-34.494723,150.873081,3
402,2505,NSW,-34.466406,150.943899,2
403,2506,NSW,-34.48494,150.840792,2
404,2508,NSW,-34.230944,150.969679,3
405,2515,NSW,-34.300293,150.9299,2
406,2516,NSW,-34.332109,150.904835,2
407,2517,NSW,-34.349362,150.891169,3
408,2518,NSW,-34.373654,150.886721,2
409,2519,NSW,-34.35558,150.709623,3
410,2525,NSW,-34.437229,150.818904,2
411,2526,NSW,-34.380765,150.77681,2
412,2527,NSW,-34.583539,150.754592,2
413,2528,NSW,-34.548722,150.855135,2
414,2529,NSW,-34.592433,150.84584,2
415,2530,NSW,-34.505411,150.766132,2
416,2533,NSW,-34.645377,150.756883,2
417,2534,NSW,-34.74500177,150.7510656,2
418,2535,NSW,-34.762116,150.678303,2
419,2536,NSW,-35.671272,150.125945,2
420,2537,NSW,-35.939649,149.912199,2
421,2538,NSW,-35.366161,150.320507,2
422,2539,NSW,-35.522387,150.393202,2
423,2540,NSW,-34.863483,150.61644,2
424,2541,NSW,-34.990592,150.450994,2
425,2545,NSW,-36.127663,149.792292,3
426,2546,NSW,-36.25486,150.225372,3
427,2548,NSW,-36.860723,149.894825,3
428,2549,NSW,-36.953196,149.851694,3
429,2550,NSW,-36.737758,149.699222,2
430,2551,NSW,-37.267687,149.792364,2
431,2555,NSW,-33.883376,150.741351,3
432,2556,NSW,-33.945707,150.725207,3
433,2557,NSW,-33.993545,150.774858,2
434,2558,NSW,-34.031602,150.799483,2
435,2559,NSW,-34.051274,150.793614,2
436,2560,NSW,-34.194216,150.768408,2
437,2563,NSW,-34.102735,150.749847,2
438,2564,NSW,-33.998362,150.894916,2
439,2565,NSW,-33.97723383,150.8618744,2
440,2566,NSW,-34.027283,150.842258,2
441,2567,NSW,-34.055155,150.756493,2
442,2568,NSW,-34.147379,150.718007,2
443,2569,NSW,-34.196004,150.708875,2
444,2570,NSW,-34.042913,150.525292,2
445,2571,NSW,-34.30254366,150.5152938,2
446,2572,NSW,-34.193052,150.559186,2
447,2573,NSW,-34.218439,150.584634,2
448,2574,NSW,-34.4254438,150.6685734,2
449,2575,NSW,-34.347195,150.342214,2
450,2576,NSW,-34.525612,150.503502,2
451,2577,NSW,-34.595027,150.410978,2
452,2578,NSW,-34.715579,150.293226,2
453,2579,NSW,-34.711848,150.13033,2
454,2580,NSW,-34.726283,149.729215,2
455,2581,NSW,-34.764484,149.286631,2
456,2582,NSW,-34.75833012,148.9655031,2
457,2583,NSW,-34.196526,149.254163,2
458,2584,NSW,-34.711018,148.555243,2
459,2585,NSW,-34.572329,148.498501,2
460,2586,NSW,-34.378631,148.797264,2
461,2587,NSW,-34.505797,148.360971,2
462,2588,NSW,-34.599488,148.255601,2
463,2590,NSW,-34.714515,147.896911,3
464,2594,NSW,-34.231083,148.10732,2
465,2600,ACT,-35.302911,149.201072,2
466,2601,ACT,-35.275863,149.113796,2
467,2602,ACT,-35.248071,149.148147,3
468,2603,ACT,-35.330382,149.125739,2
469,2604,ACT,-35.336413,149.147614,3
470,2605,ACT,-35.335821,149.093455,2
471,2606,ACT,-35.351693,149.092601,3
472,2607,ACT,-35.369991,149.094831,2
473,2609,ACT,-35.304469,149.1940419,2
474,2611,ACT,-35.57315758,148.7089956,3
475,2612,ACT,-35.270615,149.133208,2
476,2614,ACT,-35.257315,149.049796,2
477,2615,ACT,-35.215386,149.029308,2
478,2617,ACT,-35.231279,149.086682,2
479,2618,ACT,-35.135588,149.043278,2
480,2619,ACT,-35.378159,149.194535,2
481,2620,ACT,-35.34172619,149.2104515,2
482,2621,ACT,-35.4698,149.484038,2
483,2622,ACT,-35.628428,149.752107,2
484,2623,ACT,-35.552827,149.445083,2
485,2624,ACT,-36.180818,148.441281,2
486,2625,ACT,-36.50661,148.301005,2
487,2626,ACT,-35.941228,149.168553,2
488,2627,ACT,-36.409113,148.232341,2
489,2628,ACT,-36.39806355,148.7203767,2
490,2629,ACT,-35.997349,148.769744,2
491,2630,ACT,-36.177296,149.129166,2
492,2631,ACT,-36.529386,149.306729,2
493,2632,ACT,-37.020122,149.220453,2
494,2633,ACT,-36.865206,148.701564,2
495,2640,ACT,-36.016196,147.026549,2
496,2641,ACT,-36.038655,146.930436,2
497,2642,ACT,-35.39437569,146.4617054,2
498,2643,ACT,-35.936556,146.617535,2
499,2644,ACT,-35.773247,147.391271,2
500,2645,ACT,-35.333843,146.332431,2
501,2646,ACT,-35.757569,146.324523,2
502,2647,ACT,-35.905463,145.976131,2
503,2648,ACT,-33.29624634,141.8018461,2
504,2649,ACT,-35.608279,148.091211,2
505,2650,ACT,-35.07459,147.376202,2
506,2651,ACT,-35.162259,147.463477,2
507,2652,ACT,-35.405064,147.64961,2
508,2653,ACT,-35.776209,148.041339,2
509,2655,ACT,-35.225102,147.047366,2
510,2656,ACT,-35.356021,146.767674,2
511,2658,ACT,-35.535739,146.977849,2
512,2659,ACT,-35.610147,146.767477,2
513,2660,ACT,-35.699906,147.07831,2
514,2661,ACT,-35.157697,147.277559,2
515,2663,ACT,-34.933478,147.716767,2
516,2665,ACT,-34.313241,146.841533,2
517,2666,ACT,-34.487779,147.583811,3
518,2668,ACT,-34.121499,147.405434,3
519,2669,ACT,-33.814887,146.667476,2
520,2671,ACT,-33.839275,147.308172,2
521,2672,ACT,-33.24358,146.40002,2
522,2675,ACT,-33.459192,145.479249,2
523,2678,ACT,-35.059334,147.351953,2
524,2680,ACT,-34.321422,145.914625,2
525,2681,ACT,-34.116715,146.14674,2
526,2700,ACT,-34.902108,146.303599,2
527,2701,ACT,-34.70683231,147.2465178,2
528,2702,ACT,-34.86668,147.014242,2
529,2703,ACT,-34.607943,146.370827,3
530,2705,ACT,-34.489867,146.373471,2
531,2706,ACT,-34.569464,145.937532,3
532,2707,ACT,-34.768863,145.807866,3
533,2710,ACT,-35.357619,144.984378,3
534,2711,ACT,-34.257669,144.695233,3
535,2712,ACT,-35.754185,145.872814,3
536,2713,ACT,-35.586342,145.52068,2
537,2714,ACT,-35.77427101,145.2868727,3
538,2715,ACT,-33.81289825,142.6742276,3
539,2716,ACT,-35.24588,145.627125,3
540,2717,ACT,-34.08796357,142.0944482,3
541,2720,ACT,-35.379935,148.383619,3
542,2721,ACT,-34.04948,147.712064,3
543,2722,ACT,-35.053523,148.102866,3
544,2725,ACT,-34.44817,147.815806,2
545,2726,ACT,-34.78436,148.326675,3
546,2727,ACT,-34.983539,148.390372,3
547,2729,ACT,-35.227753,147.923797,2
548,2730,ACT,-35.510039,148.034012,3
549,2731,ACT,-35.893394,144.641831,3
550,2732,ACT,-35.542622,144.230168,3
551,2733,ACT,-35.013711,144.206139,3
552,2734,ACT,-34.770931,143.387009,3
553,2735,ACT,-35.129137,143.426745,2
554,2736,ACT,-34.965178,143.375822,3
555,2737,ACT,-34.574113,142.87381,3
556,2738,ACT,-34.164709,142.225122,3
557,2739,ACT,-34.15375195,142.1056955,3
558,2745,ACT,-33.871341,150.671487,3
559,2747,ACT,-33.77413222,150.7376907,2
560,2748,ACT,-33.811042,150.72319,3
561,2749,ACT,-33.702167,150.686816,2
562,2750,ACT,-33.755476,150.678551,3
563,2752,ACT,-33.936534,150.585995,3
564,2753,ACT,-33.604022,150.646053,3
565,2754,ACT,-33.557893,150.72802,2
566,2756,ACT,-33.466271,150.88744,3
567,2757,ACT,-33.554839,150.692086,2
568,2758,ACT,-33.483614,150.601824,2
569,2759,ACT,-33.82252,150.781767,2
570,2760,ACT,-33.763976,150.780073,2
571,2761,ACT,-33.742006,150.84746,2
572,2762,ACT,-33.700603,150.880097,2
573,2763,ACT,-33.725619,150.89547,2
574,2765,ACT,-33.672237,150.79576,2
575,2766,ACT,-33.810388,150.850764,2
576,2767,ACT,-33.77972161,150.8651828,2
577,2768,ACT,-33.737863,150.922732,2
578,2769,ACT,-33.7054643,150.9054927,2
579,2770,ACT,-33.756443,150.810246,2
580,2773,ACT,-33.768837,150.626788,2
581,2774,ACT,-33.732671,150.62902,2
582,2775,ACT,-33.305478,150.918639,2
583,2776,ACT,-33.666855,150.553111,2
584,2777,ACT,-33.692534,150.587962,2
585,2778,ACT,-33.728545,150.484549,2
586,2779,ACT,-33.7237,150.45933,2
587,2780,ACT,-33.832923,150.435639,2
588,2782,ACT,-33.704416,150.366015,2
589,2783,ACT,-33.725566,150.431839,2
590,2784,ACT,-33.729916,150.407048,2
591,2785,ACT,-33.707725,150.181517,2
592,2786,ACT,-33.533055,150.317795,2
593,2787,ACT,-34.06024,150.153221,2
594,2790,ACT,-33.310653,150.356874,2
595,2791,ACT,-33.634941,149.164475,2
596,2792,ACT,-33.626627,149.08632,2
597,2793,ACT,-33.783955,148.90873,2
598,2794,ACT,-33.898505,148.664838,2
599,2795,ACT,-33.820797,149.474401,2
600,2797,ACT,-33.605124,148.952525,2
601,2798,ACT,-33.462193,149.158755,3
602,2799,ACT,-33.571335,149.267666,3
603,2800,ACT,-33.233929,149.116263,3
604,2803,ACT,-34.176731,148.523704,2
605,2804,ACT,-33.539564,148.633991,3
606,2805,ACT,-33.64991,148.420031,3
607,2806,ACT,-33.375562,148.375577,3
608,2807,ACT,-34.036494,148.562165,3
609,2808,ACT,-33.976987,149.02317,2
610,2809,ACT,-33.972859,148.432316,3
611,2810,ACT,-33.902869,148.054607,2
612,2817,ACT,-31.3306,148.7629,2
613,2818,ACT,-32.5009,148.6686,3
614,2820,ACT,-32.553282,148.989227,2
615,2821,ACT,-32.255249,148.110385,3
616,2822,ACT,-31.8948,148.558,3
617,2823,ACT,-32.07687,147.838499,2
618,2824,ACT,-31.373201,147.785831,3
619,2825,ACT,-31.92717863,146.5079936,2
620,2826,ACT,-32.0288,147.4794,2
621,2827,ACT,-31.63315,148.648353,2
622,2828,ACT,-31.42558954,148.4918433,2
623,2829,ACT,-30.63014904,148.4543715,3
624,2830,ACT,-32.24224,148.657282,3
625,2831,ACT,-31.927892,146.615174,2
626,2832,ACT,-29.958521,147.983033,3
627,2833,ACT,-29.391492,148.378523,3
628,2834,ACT,-29.12157608,147.9287091,2
629,2835,ACT,-31.551822,145.406579,3
630,2836,ACT,-31.498123,143.270562,3
631,2838,ACT,-29.3107,147.404,3
632,2839,ACT,-29.8313,146.94474,3
633,2840,ACT,-30.205908,145.251371,3
634,2842,ACT,-31.690852,149.051954,3
635,2843,ACT,-31.82434,149.727798,3
636,2844,ACT,-31.924969,149.319295,3
637,2845,ACT,-33.404961,150.04201,3
638,2846,ACT,-33.071806,150.118609,3
639,2847,ACT,-33.404462,149.969799,3
640,2848,ACT,-32.901412,149.964131,3
641,2849,ACT,-32.708935,150.059088,3
642,2850,ACT,-32.685033,149.602925,3
643,2852,ACT,-32.280785,149.45909,3
644,2864,ACT,-33.340269,148.731814,3
645,2865,ACT,-33.09511057,148.5386077,3
646,2866,ACT,-33.007264,148.904531,3
647,2867,ACT,-32.965877,148.611239,3
648,2868,ACT,-32.740876,148.561505,2
649,2869,ACT,-32.584028,148.266655,2
650,2870,ACT,-33.035496,148.16819,3
651,2871,ACT,-33.476768,147.811688,2
652,2873,ACT,-32.269414,147.260419,2
653,2874,ACT,-32.619929,147.538565,3
654,2875,ACT,-32.915604,147.603587,2
655,2876,ACT,-33.159023,147.772834,2
656,2877,ACT,-32.27339899,146.6853835,2
657,2878,ACT,-32.823221,144.495401,3
658,2879,ACT,-32.366157,142.666608,2
659,2880,ACT,-30.170441,142.203381,2
660,2898,ACT,-31.55247,159.081217,3
661,2899,ACT,-36.084231,146.928783,3
662,2900,ACT,-35.41891,149.063805,3
663,2902,ACT,-35.389263,149.049785,3
664,2903,ACT,-35.402705,149.081776,3
665,2904,ACT,-35.410206,149.111402,3
666,2905,ACT,-35.431011,149.110025,3
667,2906,ACT,-35.45676,149.08972,3
668,2911,ACT,-35.218737,149.132505,3
669,2912,ACT,-35.172453,149.123552,3
670,2913,ACT,-35.16700193,149.0947174,3
671,2914,ACT,-35.170334,149.125877,3
672,3000,VIC,-37.817403,144.956776,3
673,3002,VIC,-37.818517,144.982207,3
674,3003,VIC,-37.810871,144.949592,3
675,3004,VIC,-37.844246,144.970161,2
676,3006,VIC,-37.82528675,144.9520744,3
677,3008,VIC,-37.814719,144.948039,3
678,3011,VIC,-37.807101,144.907953,3
679,3012,VIC,-37.807135,144.861162,3
680,3013,VIC,-37.814183,144.888686,2
681,3015,VIC,-37.838242,144.880556,3
682,3016,VIC,-37.863743,144.888461,3
683,3018,VIC,-37.86172,144.812736,3
684,3019,VIC,-37.784683,144.854014,2
685,3020,VIC,-37.777204,144.829945,3
686,3021,VIC,-37.743361,144.796693,2
687,3022,VIC,-37.795937,144.793961,3
688,3023,VIC,-37.78272,144.770641,3
689,3024,VIC,-37.75045631,144.649936,3
690,3025,VIC,-37.835562,144.839704,3
691,3026,VIC,-37.91624,144.64209,3
692,3027,VIC,-37.932419,144.754147,3
693,3028,VIC,-37.875066,144.777165,2
694,3029,VIC,-37.837165,144.705831,2
695,3030,VIC,-37.91624,144.64209,3
696,3031,VIC,-37.79119,144.923403,2
697,3032,VIC,-37.774486,144.897221,3
698,3033,VIC,-37.74107,144.857638,2
699,3034,VIC,-37.761235,144.86194,2
700,3036,VIC,-37.705324,144.82246,2
701,3037,VIC,-37.715579,144.780474,3
702,3038,VIC,-37.700454,144.766873,3
703,3039,VIC,-37.766184,144.922995,3
704,3040,VIC,-37.751845,144.902556,3
705,3041,VIC,-37.72674618,144.9011039,2
706,3042,VIC,-37.727529,144.866305,3
707,3043,VIC,-37.691916,144.888368,3
708,3044,VIC,-37.731138,144.936356,3
709,3045,VIC,-37.674739,144.836195,3
710,3046,VIC,-37.706578,144.927968,3
711,3047,VIC,-37.681105,144.930247,2
712,3048,VIC,-37.653917,144.923609,2
713,3049,VIC,-37.673182,144.888492,3
714,3051,VIC,-37.8006,144.943559,3
715,3052,VIC,-37.788996,144.948903,3
716,3053,VIC,-37.803569,144.966112,3
717,3054,VIC,-37.786971,144.96724,3
718,3055,VIC,-37.763584,144.942222,3
719,3056,VIC,-37.766292,144.960108,3
720,3057,VIC,-37.770012,144.97728,3
721,3058,VIC,-37.739901,144.964524,3
722,3059,VIC,-37.639887,144.879626,3
723,3060,VIC,-37.707326,144.967874,3
724,3061,VIC,-37.666265,144.956763,3
725,3062,VIC,-37.632986,144.932557,3
726,3063,VIC,-37.595015,144.856082,3
727,3064,VIC,-37.546522,144.942199,3
728,3065,VIC,-37.802608,144.977795,2
729,3066,VIC,-37.804846,144.986906,3
730,3067,VIC,-37.803515,144.998203,2
731,3068,VIC,-37.790974,144.98622,3
732,3070,VIC,-37.774064,144.999745,2
733,3071,VIC,-37.759426,145.007006,2
734,3072,VIC,-37.74247,145.005702,2
735,3073,VIC,-37.712474,145.005955,2
736,3074,VIC,-37.684684,145.006644,2
737,3075,VIC,-37.66607,145.002679,2
738,3076,VIC,-37.643598,145.022137,3
739,3078,VIC,-37.778298,145.025853,2
740,3079,VIC,-37.772675,145.048573,3
741,3081,VIC,-37.743008,145.046401,3
742,3082,VIC,-37.664858,145.065658,2
743,3083,VIC,-37.701346,145.056223,2
744,3084,VIC,-37.744406,145.082685,2
745,3085,VIC,-37.724398,145.06988,2
746,3087,VIC,-37.711787,145.082426,2
747,3088,VIC,-37.700175,145.108339,2
748,3089,VIC,-37.667713,145.150369,3
749,3090,VIC,-37.668408,145.107802,2
750,3091,VIC,-37.637478,145.136688,2
751,3093,VIC,-37.73919,145.115208,2
752,3094,VIC,-37.719759,145.124727,3
753,3095,VIC,-37.713299,145.158579,3
754,3096,VIC,-37.670851,145.185826,3
755,3097,VIC,-37.695254,145.224204,2
756,3099,VIC,-37.592101,145.192854,3
757,3101,VIC,-37.807397,145.036575,3
758,3102,VIC,-37.793805,145.05219,3
759,3103,VIC,-37.811738,145.074116,2
760,3104,VIC,-37.793695,145.081714,3
761,3105,VIC,-37.772477,145.084806,3
762,3106,VIC,-37.758335,145.142675,3
763,3107,VIC,-37.765225,145.110677,3
764,3108,VIC,-37.786429,145.125797,3
765,3109,VIC,-37.784786,145.161649,3
766,3111,VIC,-37.794054,145.186334,3
767,3113,VIC,-37.752123,145.204689,3
768,3114,VIC,-37.778595,145.212599,3
769,3115,VIC,-37.736734,145.267586,3
770,3116,VIC,-37.737629,145.313086,3
771,3121,VIC,-37.823303,145.001788,2
772,3122,VIC,-37.822725,145.030602,3
773,3123,VIC,-37.829752,145.049415,3
774,3124,VIC,-37.840867,145.068191,2
775,3125,VIC,-37.851305,145.101,3
776,3126,VIC,-37.827203,145.075748,3
777,3127,VIC,-37.825173,145.097236,3
778,3128,VIC,-37.828866,145.122393,3
779,3129,VIC,-37.806965,145.125084,3
780,3130,VIC,-37.81805,145.149653,3
781,3131,VIC,-37.817798,145.174489,3
782,3132,VIC,-37.819222,145.196686,3
783,3133,VIC,-37.848786,145.192303,3
784,3134,VIC,-37.823058,145.257929,3
785,3135,VIC,-37.819594,145.248209,2
786,3136,VIC,-37.779876,145.282396,3
787,3137,VIC,-37.819364,145.313346,2
788,3138,VIC,-37.78391,145.322794,3
789,3139,VIC,-37.814506,145.532666,3
790,3140,VIC,-37.759154,145.363185,3
791,3141,VIC,-37.840679,144.991264,3
792,3142,VIC,-37.84411,145.017732,3
793,3143,VIC,-37.858918,145.019393,3
794,3144,VIC,-37.857443,145.034127,3
795,3145,VIC,-37.873557,145.049328,3
796,3146,VIC,-37.857116,145.057833,3
797,3147,VIC,-37.867864,145.092946,2
798,3148,VIC,-37.882562,145.090149,3
799,3149,VIC,-37.880748,145.128118,3
800,3150,VIC,-37.914383,145.168834,2
801,3151,VIC,-37.85523,145.151119,3
802,3152,VIC,-37.864951,145.221695,3
803,3153,VIC,-37.845116,145.270141,2
804,3154,VIC,-37.856009,145.31784,3
805,3155,VIC,-37.861799,145.284418,2
806,3156,VIC,-37.917932,145.292895,3
807,3158,VIC,-37.910077,145.324468,3
808,3159,VIC,-37.921894,145.3892,2
809,3160,VIC,-37.935097,145.350821,2
810,3161,VIC,-37.873733,145.019929,2
811,3162,VIC,-37.892139,145.023394,2
812,3163,VIC,-37.896497,145.057237,2
813,3165,VIC,-37.922369,145.059426,2
814,3166,VIC,-37.902805,145.089719,2
815,3167,VIC,-37.923345,145.087614,2
816,3168,VIC,-37.91342,145.12665,2
817,3169,VIC,-37.945149,145.115271,2
818,3170,VIC,-37.920945,145.167859,2
819,3171,VIC,-37.944608,145.156783,2
820,3172,VIC,-37.975981,145.13465,2
821,3173,VIC,-38.006771,145.164863,2
822,3174,VIC,-37.966218,145.17877,2
823,3175,VIC,-38.016114,145.208504,2
824,3177,VIC,-37.990985,145.237462,2
825,3178,VIC,-37.924431,145.241589,2
826,3179,VIC,-37.897137,145.222634,2
827,3180,VIC,-37.893263,145.246731,2
828,3181,VIC,-37.854683,144.995504,2
829,3182,VIC,-37.865322,144.979478,2
830,3183,VIC,-37.869072,144.999026,2
831,3184,VIC,-37.881414,144.984034,2
832,3185,VIC,-37.891841,145.002571,2
833,3186,VIC,-37.915066,144.996329,2
834,3187,VIC,-37.925371,145.013593,2
835,3188,VIC,-37.938889,145.007238,2
836,3189,VIC,-37.942021,145.047802,2
837,3190,VIC,-37.951394,145.038147,2
838,3191,VIC,-37.956585,145.013472,2
839,3192,VIC,-37.965655,145.0623,2
840,3193,VIC,-37.978698,145.031561,2
841,3194,VIC,-37.985059,145.067356,2
842,3195,VIC,-38.007024,145.104105,2
843,3196,VIC,-38.046479,145.122762,2
844,3197,VIC,-38.072748,145.134111,2
845,3198,VIC,-38.103194,145.137811,2
846,3199,VIC,-38.162578,145.135961,2
847,3200,VIC,-38.126458,145.157574,2
848,3201,VIC,-38.092874,145.177905,2
849,3202,VIC,-37.960555,145.092698,2
850,3204,VIC,-37.916956,145.036783,2
851,3205,VIC,-37.831693,144.958176,2
852,3206,VIC,-37.846534,144.95086,2
853,3207,VIC,-37.832179,144.918044,2
854,3211,VIC,-37.943586,144.498479,2
855,3212,VIC,-38.039958,144.422666,2
856,3213,VIC,-37.9406,144.2894,2
857,3214,VIC,-38.084781,144.352385,2
858,3215,VIC,-38.111002,144.33452,2
859,3216,VIC,-38.215906,144.334005,2
860,3217,VIC,-38.23413976,144.3707843,2
861,3218,VIC,-38.13028025,144.2894883,2
862,3219,VIC,-38.17277,144.389533,2
863,3220,VIC,-38.157038,144.34652,2
864,3221,VIC,-38.181608,144.427419,2
865,3222,VIC,-38.209921,144.572989,2
866,3223,VIC,-38.13622989,144.6217267,3
867,3224,VIC,-38.202905,144.462401,2
868,3225,VIC,-38.271074,144.614191,2
869,3226,VIC,-38.263811,144.523761,2
870,3227,VIC,-38.263052,144.40814,2
871,3228,VIC,-38.307545,144.299978,3
872,3230,VIC,-38.409363,144.176397,2
873,3231,VIC,-38.459435,144.106892,2
874,3232,VIC,-38.544977,143.970167,2
875,3233,VIC,-38.679417,143.671777,3
876,3234,VIC,-38.6791182,143.832394,2
877,3235,VIC,-38.411964,143.924288,2
878,3236,VIC,-38.521903,143.712384,2
879,3237,VIC,-38.716838,143.474392,2
880,3238,VIC,-38.781787,143.429978,2
881,3239,VIC,-38.564014,143.448102,2
882,3240,VIC,-38.263005,144.174411,2
883,3241,VIC,-38.20363,143.892824,2
884,3242,VIC,-38.346704,143.740326,2
885,3243,VIC,-38.364034,143.82588,2
886,3249,VIC,-38.388291,143.557159,3
887,3250,VIC,-38.311513,143.584742,2
888,3251,VIC,-38.155186,143.648479,3
889,3254,VIC,-38.289636,143.52228,3
890,3260,VIC,-38.209584,143.244766,2
891,3264,VIC,-38.232443,142.884394,3
892,3265,VIC,-38.178237,142.952372,3
893,3266,VIC,-38.407094,143.133721,3
894,3267,VIC,-38.466647,143.06073,3
895,3268,VIC,-38.535802,142.908911,3
896,3269,VIC,-38.660637,143.177116,3
897,3270,VIC,-38.602117,142.870164,3
898,3271,VIC,-37.888549,142.98753,3
899,3272,VIC,-37.982186,142.853634,3
900,3273,VIC,-37.981249,142.660643,3
901,3274,VIC,-37.960778,142.478612,3
902,3275,VIC,-38.301794,142.457611,3
903,3276,VIC,-38.0538178,142.481806,3
904,3277,VIC,-38.389835,142.660221,3
905,3278,VIC,-38.278013,142.624719,3
906,3279,VIC,-38.214555,142.657483,2
907,3280,VIC,-38.37884,142.482889,2
908,3281,VIC,-38.254454,142.630109,2
909,3282,VIC,-38.268176,142.351658,2
910,3283,VIC,-38.313434,142.328761,2
911,3284,VIC,-38.270398,142.119266,2
912,3285,VIC,-38.290199,142.058916,2
913,3286,VIC,-37.9711005,141.8361176,2
914,3287,VIC,-38.059868,142.31953,2
915,3289,VIC,-37.893196,142.227754,2
916,3292,VIC,-38.038873,141.051987,2
917,3293,VIC,-37.655945,142.527253,2
918,3294,VIC,-37.573978,142.312764,2
919,3300,VIC,-37.743155,142.013356,2
920,3301,VIC,-38.118855,142.034141,2
921,3302,VIC,-37.847981,141.706379,2
922,3303,VIC,-37.980868,141.789606,2
923,3304,VIC,-38.182084,141.952156,2
924,3305,VIC,-38.235475,141.437227,2
925,3309,VIC,-37.82644,141.511007,2
926,3310,VIC,-37.70789,141.549163,2
927,3311,VIC,-37.468159,141.229722,2
928,3312,VIC,-37.6391,141.365747,2
929,3314,VIC,-37.586718,141.935665,2
930,3315,VIC,-37.408371,141.687516,2
931,3317,VIC,-37.166673,141.451647,2
932,3318,VIC,-37.025316,141.269571,2
933,3319,VIC,-36.873961,141.051389,2
934,3321,VIC,-38.087758,143.88056,2
935,3322,VIC,-38.021333,143.743305,2
936,3323,VIC,-38.026314,143.520934,2
937,3324,VIC,-37.941939,143.375414,2
938,3325,VIC,-37.877452,143.185911,2
939,3328,VIC,-38.018664,144.043058,2
940,3329,VIC,-37.983701,143.908716,2
941,3330,VIC,-37.918437,143.758576,2
942,3331,VIC,-38.049195,144.194625,2
943,3332,VIC,-37.944446,144.097178,2
944,3333,VIC,-37.87179,144.04476,2
945,3334,VIC,-37.75803,144.086089,2
946,3335,VIC,-37.69608887,144.6698898,2
947,3336,VIC,-37.719,144.6684,2
948,3337,VIC,-37.65724033,144.5462424,2
949,3338,VIC,-37.705529,144.571033,2
950,3340,VIC,-37.787135,144.394442,2
951,3341,VIC,-37.573711,144.308232,2
952,3342,VIC,-37.651463,144.239102,2
953,3345,VIC,-37.5878,144.123664,2
954,3350,VIC,-37.571941,143.864505,2
955,3351,VIC,-37.758248,143.637463,2
956,3352,VIC,-37.482132,143.662387,2
957,3355,VIC,-37.530285,143.82561,2
958,3356,VIC,-37.592283,143.82846,2
959,3357,VIC,-37.653945,143.883416,2
960,3358,VIC,-37.58012926,143.7928013,2
961,3360,VIC,-37.72758817,143.5955266,2
962,3361,VIC,-37.752643,143.373089,2
963,3363,VIC,-37.420588,143.88637,2
964,3364,VIC,-37.334655,143.907186,2
965,3370,VIC,-37.252718,143.815613,2
966,3371,VIC,-37.196938,143.635622,2
967,3373,VIC,-37.457785,143.343429,2
968,3374,VIC,-37.231524,142.956916,2
969,3375,VIC,-37.424288,143.143621,2
970,3377,VIC,-37.231524,142.956916,2
971,3378,VIC,-37.528792,142.985403,2
972,3379,VIC,-37.7667,142.6833,2
973,3380,VIC,-37.0666,142.771159,2
974,3381,VIC,-36.988914,142.7154,2
975,3384,VIC,-36.93829078,143.2173081,2
976,3385,VIC,-36.904185,142.647565,2
977,3387,VIC,-36.71744157,142.9814278,2
978,3388,VIC,-36.597861,142.693946,2
979,3390,VIC,-36.583744,142.487468,2
980,3391,VIC,-36.092132,142.446015,2
981,3392,VIC,-36.34199038,142.6792298,2
982,3393,VIC,-36.257725,142.387341,2
983,3395,VIC,-35.918885,142.441984,2
984,3396,VIC,-35.7157,142.329159,2
985,3400,VIC,-36.725245,142.203729,2
986,3401,VIC,-36.881534,141.940832,2
987,3407,VIC,-37.298061,141.948371,2
988,3409,VIC,-36.72484337,141.8632367,2
989,3412,VIC,-36.658804,141.366071,2
990,3413,VIC,-36.699331,141.201068,2
991,3414,VIC,-36.388628,142.093883,2
992,3415,VIC,-36.352459,141.339702,2
993,3418,VIC,-36.074144,141.538074,2
994,3419,VIC,-36.226015,141.101929,2
995,3420,VIC,-36.41273,141.017332,2
996,3423,VIC,-36.13191,141.940764,2
997,3424,VIC,-35.727789,141.930872,2
998,3427,VIC,-37.643461,144.707974,2
999,3428,VIC,-37.591069,144.811494,2
1000,3429,VIC,-37.56762,144.728973,2
1001,3430,VIC,-37.494056,144.806632,2
1002,3431,VIC,-37.474551,144.69202,2
1003,3432,VIC,-37.448455,144.792581,2
1004,3433,VIC,-37.413302,144.752095,2
1005,3434,VIC,-37.35388,144.750796,2
1006,3435,VIC,-37.179453,144.743358,2
1007,3437,VIC,-37.501619,144.513018,1
1008,3438,VIC,-37.457528,144.602032,2
1009,3440,VIC,-37.413377,144.546151,2
1010,3441,VIC,-37.399224,144.603892,2
1011,3442,VIC,-37.330661,144.548846,2
1012,3444,VIC,-37.171788,144.544716,2
1013,3446,VIC,-37.184831,144.374338,1
1014,3447,VIC,-37.157744,144.322487,2
1015,3448,VIC,-37.075364,144.387629,2
1016,3450,VIC,-37.061635,144.214903,2
1017,3451,VIC,-37.125338,144.21419,2
1018,3453,VIC,-36.950365,144.281488,2
1019,3458,VIC,-37.424116,144.33471,2
1020,3460,VIC,-37.351704,144.144216,2
1021,3461,VIC,-37.287848,144.170995,2
1022,3462,VIC,-37.083561,144.053611,2
1023,3463,VIC,-36.957983,144.05651,2
1024,3464,VIC,-37.019811,143.841414,2
1025,3465,VIC,-37.021478,143.611335,2
1026,3467,VIC,-37.105993,143.412675,2
1027,3468,VIC,-37.261481,143.379493,1
1028,3469,VIC,-37.172964,143.280627,1
1029,3472,VIC,-36.864952,143.657638,2
1030,3475,VIC,-36.70633,143.51213,2
1031,3477,VIC,-36.688551,143.230699,2
1032,3478,VIC,-36.688551,143.230699,1
1033,3480,VIC,-36.31227,142.968057,2
1034,3482,VIC,-36.17028,142.766588,2
1035,3483,VIC,-35.901765,142.890804,2
1036,3485,VIC,-35.711533,142.671962,2
1037,3487,VIC,-35.515627,142.616079,2
1038,3488,VIC,-35.435634,142.427118,2
1039,3489,VIC,-35.332477,142.425302,2
1040,3490,VIC,-35.62103426,141.4849679,2
1041,3491,VIC,-35.434099,142.218273,2
1042,3494,VIC,-34.486406,142.348315,1
1043,3496,VIC,-34.287804,142.144177,1
1044,3498,VIC,-34.238385,142.172516,1
1045,3500,VIC,-34.1931,142.154161,1
1046,3501,VIC,-34.243279,142.100896,1
1047,3505,VIC,-34.180532,142.004192,1
1048,3506,VIC,-35.204199,141.385876,1
1049,3507,VIC,-35.120596,142.035659,1
1050,3509,VIC,-35.155031,141.680385,1
1051,3512,VIC,-35.39199,141.121226,2
1052,3515,VIC,-36.729444,144.062915,1
1053,3516,VIC,-36.607616,144.041722,2
1054,3517,VIC,-36.483116,143.886832,1
1055,3518,VIC,-36.474937,143.586215,1
1056,3520,VIC,-36.405771,143.810786,1
1057,3521,VIC,-37.090071,144.912693,1
1058,3522,VIC,-37.050037,144.747197,1
1059,3523,VIC,-36.837461,144.768359,1
1060,3525,VIC,-36.2835,143.364316,1
1061,3527,VIC,-36.07096,143.241334,1
1062,3529,VIC,-35.824259,143.232677,1
1063,3530,VIC,-35.701439,143.152747,1
1064,3531,VIC,-35.616408,142.943814,1
1065,3533,VIC,-35.384557,142.839304,1
1066,3537,VIC,-36.079335,143.744455,1
1067,3540,VIC,-35.89277,143.45008,1
1068,3542,VIC,-35.700788,143.406398,1
1069,3544,VIC,-35.51717216,143.1754083,1
1070,3546,VIC,-35.060163,142.850456,2
1071,3549,VIC,-34.766049,142.820973,2
1072,3550,VIC,-36.764269,144.285267,2
1073,3551,VIC,-36.78137,144.457937,1
1074,3555,VIC,-36.777226,144.245239,1
1075,3556,VIC,-36.656422,144.178282,1
1076,3557,VIC,-36.63511,144.576787,1
1077,3558,VIC,-36.51553,144.638363,1
1078,3559,VIC,-36.570077,144.805307,1
1079,3561,VIC,-36.321109,144.709543,1
1080,3562,VIC,-36.062544,144.46276,1
1081,3563,VIC,-36.256251,144.515589,1
1082,3564,VIC,-36.18096611,144.6014151,1
1083,3565,VIC,-36.182336,144.511713,1
1084,3566,VIC,-35.945748,144.383334,1
1085,3567,VIC,-35.931669,144.262942,1
1086,3568,VIC,-35.809462,144.184089,1
1087,3570,VIC,-36.515303,144.28053,1
1088,3571,VIC,-36.36819,144.206865,1
1089,3572,VIC,-36.266642,144.257135,1
1090,3573,VIC,-36.164865,144.297958,1
1091,3575,VIC,-36.055725,144.159028,1
1092,3576,VIC,-36.128029,143.917515,1
1093,3579,VIC,-35.767974,143.769445,1
1094,3580,VIC,-35.639761,144.094672,1
1095,3581,VIC,-35.628333,143.78521,1
1096,3583,VIC,-35.509635,143.66458,1
1097,3584,VIC,-35.431026,143.637617,1
1098,3585,VIC,-35.348388,143.336906,1
1099,3586,VIC,-35.114021,143.792594,1
1100,3588,VIC,-35.29429,143.470325,1
1101,3589,VIC,-35.228436,143.441248,1
1102,3590,VIC,-35.235708,143.493525,2
1103,3591,VIC,-35.202209,143.394092,2
1104,3594,VIC,-35.138155,143.346028,2
1105,3595,VIC,-35.202752,143.351682,2
1106,3596,VIC,-35.123806,143.327682,1
1107,3597,VIC,-34.965359,143.189786,1
1108,3599,VIC,-34.729742,143.143231,1
1109,3607,VIC,-36.839707,145.179762,1
1110,3608,VIC,-36.740713,145.095753,1
1111,3610,VIC,-36.577628,145.229349,1
1112,3612,VIC,-36.575936,145.019312,2
1113,3614,VIC,-36.479193,145.30098,2
1114,3616,VIC,-36.464118,145.145217,1
1115,3617,VIC,-36.423823,145.178369,1
1116,3618,VIC,-36.37708,145.125014,1
1117,3620,VIC,-36.284584,145.082735,1
1118,3621,VIC,-36.206055,144.961183,1
1119,3622,VIC,-36.231961,144.87573,2
1120,3623,VIC,-36.461381,144.976813,1
1121,3624,VIC,-36.410186,144.965763,1
1122,3629,VIC,-36.287306,145.260653,2
1123,3630,VIC,-36.380853,145.403176,2
1124,3631,VIC,-36.428694,145.526693,2
1125,3633,VIC,-36.307936,145.46296,2
1126,3634,VIC,-36.224186,145.440315,2
1127,3635,VIC,-36.142596,145.30827,2
1128,3636,VIC,-36.093878,145.479471,2
1129,3637,VIC,-36.050686,145.329026,2
1130,3638,VIC,-36.03202,145.246572,2
1131,3639,VIC,-36.021295,145.047253,2
1132,3640,VIC,-36.00978,145.486015,2
1133,3641,VIC,-35.89718,145.428306,2
1134,3644,VIC,-35.945353,145.632682,2
1135,3646,VIC,-36.247446,145.704042,2
1136,3647,VIC,-36.385331,145.704473,2
1137,3649,VIC,-36.082665,145.688671,2
1138,3658,VIC,-37.241401,145.111854,2
1139,3659,VIC,-37.110344,145.07088,2
1140,3660,VIC,-37.035925,145.257867,2
1141,3662,VIC,-36.9356483,144.9486555,2
1142,3663,VIC,-36.910878,145.158863,2
1143,3664,VIC,-36.927251,145.298203,2
1144,3665,VIC,-36.844091,145.357627,2
1145,3666,VIC,-36.786777,145.565512,2
1146,3669,VIC,-36.625333,145.708668,2
1147,3670,VIC,-36.623748,145.852449,2
1148,3672,VIC,-36.554936,145.977761,2
1149,3673,VIC,-36.669929,146.062514,2
1150,3675,VIC,-36.565078,146.266835,2
1151,3677,VIC,-36.358017,146.330564,2
1152,3678,VIC,-36.68892,146.482439,2
1153,3682,VIC,-36.174271,146.428656,2
1154,3683,VIC,-36.180787,146.604622,2
1155,3685,VIC,-36.056449,146.470638,2
1156,3687,VIC,-36.018771,146.415927,2
1157,3688,VIC,-36.119195,146.717193,3
1158,3690,VIC,-36.135717,146.864361,2
1159,3691,VIC,-36.027154,147.880991,2
1160,3695,VIC,-36.304285,147.123674,3
1161,3697,VIC,-36.68753,147.17925,2
1162,3698,VIC,-36.722034,147.149468,2
1163,3699,VIC,-36.844307,147.299257,2
1164,3700,VIC,-36.335898,147.35527,2
1165,3701,VIC,-36.638769,147.476819,2
1166,3704,VIC,-36.132613,147.49344,2
1167,3705,VIC,-36.322884,147.769911,2
1168,3707,VIC,-36.586316,148.037958,2
1169,3708,VIC,-36.070928,147.942058,2
1170,3709,VIC,-36.035908,147.667373,2
1171,3711,VIC,-37.41047,145.682161,2
1172,3712,VIC,-37.3209,145.839057,2
1173,3713,VIC,-37.241527,145.90623,2
1174,3714,VIC,-37.210538,145.687889,2
1175,3715,VIC,-36.985747,145.739419,2
1176,3717,VIC,-37.286611,145.435776,2
1177,3718,VIC,-37.144067,145.54096,2
1178,3719,VIC,-37.041215,145.608491,2
1179,3720,VIC,-37.017241,145.850304,2
1180,3722,VIC,-37.202634,146.253268,2
1181,3723,VIC,-36.894465,146.256507,2
1182,3725,VIC,-36.414359,145.937326,2
1183,3726,VIC,-36.332254,145.960209,2
1184,3727,VIC,-36.242443,145.957776,2
1185,3728,VIC,-36.148922,145.959015,2
1186,3730,VIC,-36.051782,145.974755,2
1187,3732,VIC,-36.686814,146.313751,2
1188,3733,VIC,-36.812087,146.316338,2
1189,3735,VIC,-36.515712,146.603574,2
1190,3737,VIC,-36.554037,146.82759,2
1191,3738,VIC,-36.587922,146.75397,2
1192,3739,VIC,-36.641016,146.864194,2
1193,3740,VIC,-36.731686,146.834561,2
1194,3741,VIC,-36.962316,147.063163,2
1195,3744,VIC,-36.788479,146.95979,2
1196,3746,VIC,-36.31396,146.51767,2
1197,3747,VIC,-36.361056,146.725705,2
1198,3749,VIC,-36.42031113,146.8638108,2
1199,3750,VIC,-37.596078,145.005578,2
1200,3751,VIC,-37.554655,145.052904,2
1201,3752,VIC,-37.619102,145.074353,2
1202,3753,VIC,-37.476474,144.959512,2
1203,3754,VIC,-37.593554,145.112985,2
1204,3755,VIC,-37.563905,145.142035,2
1205,3756,VIC,-37.41233,144.956641,2
1206,3757,VIC,-37.469784,145.182221,2
1207,3758,VIC,-37.354647,145.052552,2
1208,3759,VIC,-37.650385,145.247277,2
1209,3760,VIC,-37.624929,145.288073,2
1210,3761,VIC,-37.585625,145.292381,2
1211,3762,VIC,-37.354143,144.936707,2
1212,3763,VIC,-37.521863,145.353378,2
1213,3764,VIC,-37.263736,144.900644,2
1214,3765,VIC,-37.814771,145.346621,2
1215,3766,VIC,-37.817818,145.384955,2
1216,3767,VIC,-37.839387,145.347505,2
1217,3770,VIC,-37.708784,145.416004,2
1218,3775,VIC,-37.642852,145.365993,2
1219,3777,VIC,-37.606088,145.513804,2
1220,3778,VIC,-37.537492,145.623011,2
1221,3779,VIC,-37.539267,145.784751,2
1222,3781,VIC,-37.938471,145.487862,2
1223,3782,VIC,-37.938068,145.433024,2
1224,3783,VIC,-37.947379,145.596576,2
1225,3785,VIC,-37.885138,145.316734,2
1226,3786,VIC,-37.878188,145.332431,2
1227,3787,VIC,-37.866786,145.350888,2
1228,3788,VIC,-37.848036,145.377128,2
1229,3789,VIC,-37.889767,145.357336,2
1230,3791,VIC,-37.896917,145.379622,2
1231,3792,VIC,-37.89424,145.405388,2
1232,3793,VIC,-37.874533,145.429715,2
1233,3795,VIC,-37.836663,145.430311,2
1234,3796,VIC,-37.786977,145.384922,2
1235,3797,VIC,-37.867809,145.786343,2
1236,3799,VIC,-37.727566,145.818512,2
1237,3802,VIC,-37.971763,145.255599,2
1238,3803,VIC,-38.009435,145.265524,
1239,3804,VIC,-37.980059,145.325994,2
1240,3805,VIC,-38.037026,145.304198,2
1241,3806,VIC,-38.025018,145.349488,2
1242,3807,VIC,-38.048316,145.371635,2
1243,3808,VIC,-38.002518,145.42327,2
1244,3809,VIC,-38.069094,145.406887,2
1245,3810,VIC,-38.04658,145.472514,2
1246,3812,VIC,-38.070135,145.565304,2
1247,3813,VIC,-38.064252,145.634339,2
1248,3814,VIC,-38.10718,145.669112,2
1249,3815,VIC,-38.01378,145.726311,2
1250,3816,VIC,-38.043542,145.787991,3
1251,3818,VIC,-38.096289,145.867337,3
1252,3820,VIC,-38.207476,145.922212,3
1253,3821,VIC,-37.919937,145.945214,3
1254,3822,VIC,-38.194379,145.989901,3
1255,3823,VIC,-38.210382,146.065656,3
1256,3824,VIC,-38.245649,146.16397,3
1257,3825,VIC,-37.978862,146.342932,3
1258,3831,VIC,-37.993258,146.013136,3
1259,3832,VIC,-37.919937,145.945214,3
1260,3833,VIC,-37.84222154,145.851865,3
1261,3835,VIC,-38.290637,146.175271,3
1262,3840,VIC,-38.245215,146.424457,3
1263,3842,VIC,-38.315452,146.414358,3
1264,3844,VIC,-38.316869,146.607101,3
1265,3847,VIC,-38.166213,146.772991,3
1266,3850,VIC,-38.224191,147.106181,3
1267,3851,VIC,-38.035548,147.084398,3
1268,3852,VIC,-38.10361729,147.1414369,3
1269,3854,VIC,-38.12413,146.596877,3
1270,3856,VIC,-38.063907,146.672206,3
1271,3857,VIC,-38.018616,146.694894,3
1272,3858,VIC,-37.3690401,146.8291658,3
1273,3859,VIC,-37.886136,146.848259,3
1274,3860,VIC,-37.571707,146.805175,3
1275,3862,VIC,-37.55304411,147.130018,3
1276,3864,VIC,-37.860878,147.341513,3
1277,3865,VIC,-37.796743,147.455946,3
1278,3869,VIC,-38.364689,146.359836,3
1279,3870,VIC,-38.437946,146.319351,3
1280,3871,VIC,-38.42207,146.158866,3
1281,3873,VIC,-38.298267,146.708775,3
1282,3874,VIC,-38.514438,146.836248,3
1283,3875,VIC,-37.826032,147.63201,3
1284,3878,VIC,-37.898544,147.680121,3
1285,3880,VIC,-37.914728,147.727389,3
1286,3882,VIC,-37.812017,147.764385,3
1287,3885,VIC,-37.01610136,148.0696953,3
1288,3886,VIC,-37.770977,148.426851,3
1289,3887,VIC,-37.757895,148.116641,3
1290,3888,VIC,-37.39051,148.660943,3
1291,3889,VIC,-37.610841,148.873952,3
1292,3890,VIC,-37.566489,149.217216,3
1293,3891,VIC,-37.567684,149.538907,3
1294,3892,VIC,-37.563775,149.909868,3
1295,3893,VIC,-37.495349,147.866067,3
1296,3895,VIC,-37.379331,147.887515,3
1297,3896,VIC,-37.264671,147.707962,3
1298,3898,VIC,-37.066169,147.464799,3
1299,3900,VIC,-36.88053,147.826143,3
1300,3902,VIC,-37.797042,147.814894,3
1301,3903,VIC,-37.811303,147.867533,3
1302,3904,VIC,-37.881041,147.839367,3
1303,3909,VIC,-37.821921,147.970237,3
1304,3910,VIC,-38.156369,145.198328,3
1305,3911,VIC,-38.196908,145.169556,3
1306,3912,VIC,-38.217991,145.227373,3
1307,3913,VIC,-38.262273,145.166426,3
1308,3915,VIC,-38.305806,145.136622,3
1309,3916,VIC,-38.415199,145.050587,3
1310,3918,VIC,-38.339871,145.155546,3
1311,3919,VIC,-38.352327,145.199777,3
1312,3920,VIC,-38.38752,145.19304,3
1313,3921,VIC,-38.41571044,145.3687444,3
1314,3922,VIC,-38.482182,145.231974,3
1315,3923,VIC,-38.465552,145.293632,3
1316,3925,VIC,-38.528213,145.379683,3
1317,3926,VIC,-38.355231,145.094502,3
1318,3927,VIC,-38.383368,145.153269,3
1319,3928,VIC,-38.407828,144.975131,2
1320,3929,VIC,-38.460965,144.976673,1
1321,3930,VIC,-38.195017,145.093743,1
1322,3931,VIC,-38.230038,145.049503,1
1323,3933,VIC,-38.261168,145.096992,1
1324,3934,VIC,-38.2783,145.031598,1
1325,3936,VIC,-38.326447,145.007626,1
1326,3937,VIC,-38.373694,145.01994,1
1327,3938,VIC,-38.354321,144.931834,1
1328,3939,VIC,-38.42776,144.900413,1
1329,3940,VIC,-38.37363083,144.8754149,1
1330,3941,VIC,-38.396077,144.827203,2
1331,3942,VIC,-38.367874,144.768301,1
1332,3943,VIC,-38.345527,144.739101,1
1333,3944,VIC,-38.321871,144.692708,1
1334,3945,VIC,-38.381582,145.697053,1
1335,3946,VIC,-38.448155,145.723537,2
1336,3950,VIC,-38.435217,145.812945,1
1337,3951,VIC,-38.47372,145.798419,1
1338,3953,VIC,-38.460127,145.995174,1
1339,3954,VIC,-38.550379,145.937973,1
1340,3956,VIC,-38.597018,145.955341,1
1341,3957,VIC,-38.589302,146.126718,1
1342,3958,VIC,-38.673841,145.987059,1
1343,3959,VIC,-38.734636,146.066529,1
1344,3960,VIC,-39.140761,146.360412,1
1345,3962,VIC,-38.60357,146.359804,1
1346,3964,VIC,-38.685115,146.278804,1
1347,3965,VIC,-38.693437,146.472132,1
1348,3966,VIC,-38.630568,146.436583,1
1349,3967,VIC,-38.647562,146.507929,1
1350,3971,VIC,-38.631942,146.815723,1
1351,3975,VIC,-38.05354,145.231114,1
1352,3976,VIC,-38.043995,145.264296,1
1353,3977,VIC,-38.1466398,145.2695101,1
1354,3978,VIC,-38.135009,145.384606,1
1355,3979,VIC,-38.44818,145.591284,1
1356,3980,VIC,-38.204448,145.356937,2
1357,3981,VIC,-38.207298,145.575,2
1358,3984,VIC,-38.312647,145.563979,1
1359,3987,VIC,-38.309048,145.689142,1
1360,3988,VIC,-38.313447,145.811863,1
1361,3990,VIC,-38.455399,145.501279,1
1362,3991,VIC,-38.483041,145.466781,1
1363,3992,VIC,-38.569135,145.534315,1
1364,3995,VIC,-38.578071,145.630713,1
1365,3996,VIC,-38.629561,145.745609,1
1366,4000,QLD,-27.468391,153.022126,2
1367,4005,QLD,-27.470078,153.045194,2
1368,4006,QLD,-27.36618,153.175242,2
1369,4007,QLD,-27.436088,153.061914,2
1370,4008,QLD,-27.38837225,153.1132012,2
1371,4009,QLD,-27.405747,153.105247,2
1372,4010,QLD,-27.433237,153.04354,2
1373,4011,QLD,-27.419484,153.059749,2
1374,4012,QLD,-27.399335,153.05355,2
1375,4013,QLD,-27.397055,153.074982,2
1376,4014,QLD,-27.373947,153.084784,2
1377,4017,QLD,-27.318074,153.047339,2
1378,4018,QLD,-27.349074,153.031804,2
1379,4019,QLD,-27.248337,153.088498,2
1380,4020,QLD,-27.21066448,153.0900858,2
1381,4021,QLD,-27.220098,153.07529,2
1382,4022,QLD,-27.211886,153.046414,2
1383,4025,QLD,-27.162277,153.393497,2
1384,4030,QLD,-27.42687,153.029681,2
1385,4031,QLD,-27.408542,153.030695,2
1386,4032,QLD,-27.385605,153.019449,2
1387,4034,QLD,-27.354711,153.040051,2
1388,4035,QLD,-27.356025,152.979085,2
1389,4036,QLD,-27.314022,153.008731,2
1390,4037,QLD,-27.341128,152.936519,2
1391,4051,QLD,-27.427508,153.000297,2
1392,4053,QLD,-27.399573,152.98725,2
1393,4054,QLD,-27.409817,152.956014,2
1394,4055,QLD,-27.393676,152.92424,2
1395,4059,QLD,-27.452067,153.008893,2
1396,4060,QLD,-27.445107,152.985176,2
1397,4061,QLD,-27.45085,152.944258,2
1398,4064,QLD,-27.464676,152.999039,2
1399,4065,QLD,-27.462504,152.975992,2
1400,4066,QLD,-27.479866,152.964146,2
1401,4067,QLD,-27.500518,153.005045,2
1402,4068,QLD,-27.506907,152.976926,2
1403,4069,QLD,-27.502784,152.898911,2
1404,4070,QLD,-27.559944,152.871141,2
1405,4073,QLD,-27.549179,152.951385,2
1406,4074,QLD,-27.554082,152.921521,2
1407,4075,QLD,-27.552135,152.975619,2
1408,4076,QLD,-27.584561,152.921067,2
1409,4077,QLD,-27.605551,152.967822,2
1410,4078,QLD,-27.612653,152.950579,2
1411,4101,QLD,-27.484254,153.009661,2
1412,4102,QLD,-27.495458,153.0328,2
1413,4103,QLD,-27.512175,153.028768,2
1414,4104,QLD,-27.515758,153.011535,2
1415,4105,QLD,-27.534438,153.018893,2
1416,4106,QLD,-27.552137,153.004615,3
1417,4107,QLD,-27.552052,153.030643,2
1418,4108,QLD,-27.568359,153.020197,2
1419,4109,QLD,-27.57925,153.057452,2
1420,4110,QLD,-27.612178,153.009526,3
1421,4111,QLD,-27.550643,153.052226,2
1422,4112,QLD,-27.611129,153.087839,2
1423,4113,QLD,-27.590722,153.077926,2
1424,4114,QLD,-27.652812,153.110764,2
1425,4115,QLD,-27.643845,153.022499,2
1426,4116,QLD,-27.633988,153.050793,2
1427,4117,QLD,-27.644688,153.08304,2
1428,4118,QLD,-27.673806,153.027323,2
1429,4119,QLD,-27.611502,153.109769,3
1430,4120,QLD,-27.508707,153.044217,2
1431,4121,QLD,-27.526966,153.053952,2
1432,4122,QLD,-27.543316,153.088155,2
1433,4123,QLD,-27.583528,153.116151,3
1434,4124,QLD,-27.701681,152.967761,2
1435,4125,QLD,-27.730432,153.04108,2
1436,4127,QLD,-27.629474,153.142035,2
1437,4128,QLD,-27.652403,153.174214,3
1438,4129,QLD,-27.681519,153.186817,2
1439,4130,QLD,-27.669244,153.24333,2
1440,4131,QLD,-27.669913,153.136072,2
1441,4132,QLD,-27.681063,153.084397,2
1442,4133,QLD,-27.723837,153.102664,2
1443,4151,QLD,-27.500807,153.058605,2
1444,4152,QLD,-27.501349,153.096812,2
1445,4153,QLD,-27.510035,153.131429,2
1446,4154,QLD,-27.49069,153.158727,2
1447,4155,QLD,-27.5181,153.156446,2
1448,4156,QLD,-27.558858,153.154177,2
1449,4157,QLD,-27.568178,153.207096,2
1450,4158,QLD,-27.487689,153.1998,2
1451,4159,QLD,-27.502289,153.209624,2
1452,4160,QLD,-27.506409,153.243312,2
1453,4161,QLD,-27.533407,153.226864,2
1454,4163,QLD,-27.535216,153.26571,2
1455,4164,QLD,-27.569965,153.260833,2
1456,4165,QLD,-27.623975,153.263801,2
1457,4169,QLD,-27.484177,153.040982,2
1458,4170,QLD,-27.470778,153.074231,2
1459,4171,QLD,-27.456031,153.06036,2
1460,4172,QLD,-27.458767,153.103331,2
1461,4173,QLD,-27.475814,153.120634,2
1462,4174,QLD,-27.450089,153.129424,2
1463,4178,QLD,-27.425651,153.232567,2
1464,4179,QLD,-27.390823,153.234041,3
1465,4183,QLD,-27.545157,153.451696,2
1466,4184,QLD,-27.676499,153.384655,2
1467,4205,QLD,-27.687389,153.156289,3
1468,4207,QLD,-27.733991,153.204523,3
1469,4208,QLD,-27.767029,153.27631,2
1470,4209,QLD,-27.805498,153.392892,3
1471,4210,QLD,-27.932207,153.279483,2
1472,4211,QLD,-28.035453,153.241258,2
1473,4212,QLD,-27.869823,153.360694,3
1474,4213,QLD,-28.110164,153.318916,2
1475,4214,QLD,-27.967005,153.365576,2
1476,4215,QLD,-27.967134,153.397952,2
1477,4216,QLD,-27.839347,153.419405,2
1478,4217,QLD,-28.008783,153.412197,2
1479,4218,QLD,-28.037627,153.41692,3
1480,4220,QLD,-28.084952,153.434406,3
1481,4221,QLD,-28.127323,153.45837,2
1482,4223,QLD,-28.19076,153.415088,3
1483,4224,QLD,-28.150224,153.489332,2
1484,4225,QLD,-28.168787,153.517333,3
1485,4226,QLD,-28.06794,153.40282,2
1486,4227,QLD,-28.101892,153.410392,2
1487,4228,QLD,-28.182084,153.37739,2
1488,4270,QLD,-27.862349,153.135566,1
1489,4272,QLD,-27.960815,153.183429,1
1490,4275,QLD,-28.111411,153.134987,1
1491,4280,QLD,-27.8104018,152.9484212,1
1492,4285,QLD,-28.056979,152.975131,1
1493,4287,QLD,-28.259143,152.822971,1
1494,4300,QLD,-27.682273,152.884999,1
1495,4301,QLD,-27.629394,152.858086,1
1496,4303,QLD,-27.604588,152.840187,1
1497,4304,QLD,-27.620656,152.80457,1
1498,4305,QLD,-27.627522,152.753696,1
1499,4306,QLD,-27.480898,152.725408,1
1500,4307,QLD,-27.851804,152.592399,1
1501,4309,QLD,-27.98728,152.523366,1
1502,4310,QLD,-28.121399,152.600598,1
1503,4311,QLD,-27.418572,152.438771,1
1504,4312,QLD,-27.256065,152.482636,1
1505,4313,QLD,-27.089517,152.321536,1
1506,4314,QLD,-26.73342733,152.2258022,1
1507,4340,QLD,-27.803453,152.472702,1
1508,4341,QLD,-27.68768,152.396656,1
1509,4342,QLD,-27.543847,152.377687,1
1510,4343,QLD,-27.656074,152.224616,1
1511,4344,QLD,-27.572999,152.060385,1
1512,4346,QLD,-27.56237,152.588235,1
1513,4347,QLD,-27.655062,152.142704,1
1514,4350,QLD,-27.576308,151.852689,1
1515,4352,QLD,-27.627661,151.94182,1
1516,4353,QLD,-27.256984,151.904578,1
1517,4354,QLD,-27.343884,151.887919,1
1518,4355,QLD,-27.18463,152.008635,1
1519,4356,QLD,-27.663074,151.550271,1
1520,4357,QLD,-27.957654,151.103872,1
1521,4358,QLD,-27.7283,151.859857,1
1522,4359,QLD,-27.794456,152.03681,1
1523,4360,QLD,-27.853801,151.907036,1
1524,4361,QLD,-27.965214,151.948279,1
1525,4362,QLD,-28.050522,151.841358,1
1526,4363,QLD,-27.676647,151.739695,1
1527,4364,QLD,-27.710492,151.396183,1
1528,4365,QLD,-28.017149,151.597527,1
1529,4370,QLD,-28.195678,151.9514612,1
1530,4371,QLD,-28.199024,152.234242,1
1531,4372,QLD,-28.303067,152.233089,1
1532,4373,QLD,-28.349373,152.305204,1
1533,4374,QLD,-28.463902,151.744738,1
1534,4375,QLD,-28.52028627,151.9402838,1
1535,4376,QLD,-28.541494,151.933783,1
1536,4377,QLD,-28.58716707,151.9729641,1
1537,4378,QLD,-28.613948,151.955491,2
1538,4380,QLD,-28.60158006,151.8126377,1
1539,4381,QLD,-28.77023423,151.8704639,1
1540,4382,QLD,-28.845315,151.847374,2
1541,4383,QLD,-28.94051178,151.9694117,2
1542,4384,QLD,-28.728006,151.183208,2
1543,4385,QLD,-28.777563,151.24801,2
1544,4387,QLD,-28.341631,150.967836,1
1545,4388,QLD,-28.508802,150.646259,2
1546,4390,QLD,-28.228906,150.321016,1
1547,4400,QLD,-27.4855,151.856298,1
1548,4401,QLD,-27.473135,151.703647,1
1549,4402,QLD,-26.978981,151.803967,1
1550,4403,QLD,-27.320633,151.596963,1
1551,4404,QLD,-27.33128,151.480666,1
1552,4405,QLD,-27.192428,151.396625,2
1553,4406,QLD,-27.064207,151.433657,2
1554,4407,QLD,-27.563685,150.961981,2
1555,4408,QLD,-26.851248,151.426657,2
1556,4410,QLD,-26.781197,151.109816,2
1557,4411,QLD,-26.79458248,150.9766972,2
1558,4412,QLD,-26.827837,150.807058,2
1559,4413,QLD,-26.706834,150.545144,2
1560,4415,QLD,-26.627339,150.205114,2
1561,4416,QLD,-26.995752,149.798038,
1562,4417,QLD,-27.348199,149.070172,2
1563,4418,QLD,-26.290166,150.143323,2
1564,4419,QLD,-26.14972587,149.5515967,2
1565,4420,QLD,-25.494713,149.525293,2
1566,4421,QLD,-27.324371,150.444304,2
1567,4422,QLD,-27.57379527,149.5902729,2
1568,4423,QLD,-27.383801,149.525379,2
1569,4424,QLD,-26.598388,149.960268,2
1570,4425,QLD,-26.649074,149.773144,2
1571,4426,QLD,-26.539914,149.590426,2
1572,4427,QLD,-26.75002,149.381938,3
1573,4428,QLD,-26.40373,149.206489,3
1574,4454,QLD,-25.724492,148.672028,2
1575,4455,QLD,-26.73282,148.690231,2
1576,4461,QLD,-26.663912,148.293883,2
1577,4462,QLD,-26.509225,148.190376,3
1578,4465,QLD,-26.33317,147.921117,2
1579,4467,QLD,-26.23368,147.490282,2
1580,4468,QLD,-26.087266,146.833194,2
1581,4470,QLD,-26.73025809,146.0999607,2
1582,4472,QLD,-24.784155,145.141177,2
1583,4474,QLD,-25.666985,144.495283,2
1584,4477,QLD,-25.444837,147.059769,2
1585,4478,QLD,-24.889395,146.399409,3
1586,4479,QLD,-26.724017,145.397502,3
1587,4480,QLD,-26.248504,143.274156,2
1588,4481,QLD,-25.377582,141.581266,3
1589,4482,QLD,-25.60309,139.323274,3
1590,4486,QLD,-28.61221,147.830117,3
1591,4487,QLD,-27.931188,148.408512,3
1592,4488,QLD,-28.031524,147.47786,
1593,4489,QLD,-27.258572,145.655744,3
1594,4490,QLD,-28.418047,145.596265,3
1595,4491,QLD,-27.91583,145.083656,2
1596,4492,QLD,-27.99380024,143.3368723,2
1597,4493,QLD,-28.941714,144.560358,2
1598,4494,QLD,-28.143515,149.606552,3
1599,4496,QLD,-28.364992,149.267966,3
1600,4497,QLD,-28.645485,148.753584,
1601,4498,QLD,-28.415979,149.824698,3
1602,4500,QLD,-27.307845,152.939438,3
1603,4501,QLD,-27.277628,152.946201,3
1604,4502,QLD,-27.264974,152.966813,3
1605,4503,QLD,-27.240638,152.993187,3
1606,4504,QLD,-27.186624,152.932083,
1607,4505,QLD,-27.153669,152.976886,
1608,4506,QLD,-27.128401,152.936289,3
1609,4507,QLD,-26.987776,153.12414,3
1610,4508,QLD,-27.181203,153.013716,3
1611,4509,QLD,-27.232691,153.017319,3
1612,4510,QLD,-27.070177,152.960273,3
1613,4511,QLD,-27.077933,153.080799,3
1614,4512,QLD,-27.022484,152.858311,3
1615,4514,QLD,-26.91784,152.760081,
1616,4515,QLD,-26.97065604,152.6006869,3
1617,4516,QLD,-27.005542,152.957238,3
1618,4517,QLD,-26.951082,152.987647,3
1619,4518,QLD,-26.902425,152.986033,
1620,4519,QLD,-26.849388,152.91803,3
1621,4520,QLD,-27.22803309,152.7947739,3
1622,4521,QLD,-27.169774,152.786172,3
1623,4550,QLD,-26.812085,152.971346,3
1624,4551,QLD,-26.828067,153.088435,3
1625,4552,QLD,-26.734305,152.766898,3
1626,4553,QLD,-26.771797,153.017962,2
1627,4554,QLD,-26.731692,152.965037,2
1628,4555,QLD,-26.691701,152.95452,2
1629,4556,QLD,-26.700379,153.049784,3
1630,4557,QLD,-26.686321,153.113416,2
1631,4558,QLD,-26.655067,153.075373,2
1632,4559,QLD,-26.66324,152.965013,2
1633,4560,QLD,-26.635087,152.917384,3
1634,4561,QLD,-26.531487,152.964814,2
1635,4562,QLD,-26.505863,152.803089,2
1636,4563,QLD,-26.425754,152.909206,2
1637,4564,QLD,-26.612359,153.079239,2
1638,4565,QLD,-26.156837,153.042307,2
1639,4566,QLD,-26.411731,153.047416,3
1640,4567,QLD,-26.408596,153.096957,3
1641,4568,QLD,-26.313995,152.876607,3
1642,4569,QLD,-26.334574,152.822844,3
1643,4570,QLD,-26.153831,152.616943,3
1644,4571,QLD,-26.219743,152.931885,2
1645,4572,QLD,-26.671589,153.101997,3
1646,4573,QLD,-26.516942,153.068303,2
1647,4574,QLD,-26.630369,152.761131,3
1648,4575,QLD,-26.742043,153.119478,3
1649,4580,QLD,-25.891004,152.928987,2
1650,4581,QLD,-25.990771,153.097862,2
1651,4600,QLD,-26.055099,152.221081,3
1652,4601,QLD,-26.145002,152.012412,3
1653,4605,QLD,-26.112408,151.870256,3
1654,4606,QLD,-26.26117,151.823079,3
1655,4608,QLD,-26.35256,151.741338,3
1656,4610,QLD,-26.576904,151.522575,3
1657,4611,QLD,-26.176717,151.776012,3
1658,4612,QLD,-26.004636,151.589811,3
1659,4613,QLD,-26.279772,151.338904,3
1660,4614,QLD,-26.848329,151.964673,3
1661,4615,QLD,-26.659559,152.010432,3
1662,4620,QLD,-25.557047,152.280868,3
1663,4621,QLD,-25.535828,152.042802,3
1664,4625,QLD,-25.571054,151.644182,2
1665,4626,QLD,-25.765416,151.105529,2
1666,4627,QLD,-25.350178,150.778657,2
1667,4630,QLD,-24.860668,150.975499,2
1668,4650,QLD,-25.640978,152.791302,3
1669,4655,QLD,-25.337998,152.78368,3
1670,4659,QLD,-25.266279,152.568678,3
1671,4660,QLD,-25.189298,152.300968,3
1672,4662,QLD,-25.347212,152.59878,3
1673,4670,QLD,-24.88776,152.297855,2
1674,4671,QLD,-25.07645,151.78942,2
1675,4673,QLD,-24.729644,152.088816,3
1676,4674,QLD,-24.688503,151.872531,3
1677,4676,QLD,-24.632323,151.621961,3
1678,4677,QLD,-24.318471,151.727736,3
1679,4678,QLD,-24.146903,151.634285,3
1680,4680,QLD,-23.446826,151.917285,2
1681,4694,QLD,-23.832434,151.121567,2
1682,4695,QLD,-23.807115,150.965859,2
1683,4697,QLD,-23.711361,150.81952,3
1684,4699,QLD,-23.657893,150.643168,4
1685,4700,QLD,-23.180174,150.958111,4
1686,4701,QLD,-23.354937,150.557538,3
1687,4702,QLD,-23.279639,150.885772,4
1688,4703,QLD,-23.074563,150.894331,3
1689,4704,QLD,-23.135744,150.381164,4
1690,4705,QLD,-22.771751,149.719215,4
1691,4706,QLD,-22.580866,149.675382,3
1692,4707,QLD,-22.515013,149.235514,4
1693,4709,QLD,-23.059653,148.429161,4
1694,4710,QLD,-23.257223,150.82635,4
1695,4711,QLD,-23.252534,150.476229,4
1696,4712,QLD,-23.69521,149.673726,4
1697,4713,QLD,-24.114138,149.430965,4
1698,4714,QLD,-23.66268,150.394906,4
1699,4715,QLD,-24.393618,150.458694,4
1700,4716,QLD,-24.483472,150.806049,4
1701,4717,QLD,-23.632816,148.891333,3
1702,4718,QLD,-24.675045,149.615027,3
1703,4719,QLD,-24.999569,150.213774,2
1704,4720,QLD,-23.68492,148.187851,2
1705,4721,QLD,-22.449259,147.17431,2
1706,4722,QLD,-24.506491,147.41651,3
1707,4723,QLD,-23.02992213,148.2009804,2
1708,4724,QLD,-23.642723,146.840497,2
1709,4725,QLD,-23.610575,145.363533,2
1710,4726,QLD,-22.536444,145.486391,2
1711,4727,QLD,-23.515643,144.616977,2
1712,4728,QLD,-22.77109111,146.0994297,2
1713,4730,QLD,-23.790711,143.402522,3
1714,4731,QLD,-24.49928,144.26853,2
1715,4732,QLD,-22.427636,144.622118,3
1716,4733,QLD,-21.771226,143.503025,2
1717,4735,QLD,-22.810583,141.861769,2
1718,4736,QLD,-24.936614,143.103133,2
1719,4737,QLD,-21.43004,149.178072,3
1720,4738,QLD,-21.622237,149.267446,3
1721,4739,QLD,-21.930567,149.395052,2
1722,4740,QLD,-21.33763,149.059737,2
1723,4741,QLD,-20.808597,149.271699,2
1724,4742,QLD,-21.754127,148.569564,2
1725,4743,QLD,-21.453727,147.906986,2
1726,4744,QLD,-22.018392,148.045134,2
1727,4745,QLD,-22.497884,148.259592,2
1728,4746,QLD,-22.851944,148.850932,3
1729,4750,QLD,-21.042567,149.152281,2
1730,4751,QLD,-21.221858,149.040703,2
1731,4753,QLD,-21.169015,148.952546,2
1732,4754,QLD,-21.188063,148.832763,2
1733,4756,QLD,-21.126329,148.609682,2
1734,4757,QLD,-21.054268,148.50081,2
1735,4798,QLD,-20.889915,148.737792,3
1736,4799,QLD,-20.720423,148.622011,2
1737,4800,QLD,-20.465423,148.516317,3
1738,4802,QLD,-20.271072,148.989038,3
1739,4804,QLD,-20.867952,147.518462,3
1740,4805,QLD,-20.016612,148.457987,3
1741,4806,QLD,-19.862878,147.416856,3
1742,4807,QLD,-19.914965,147.133033,3
1743,4808,QLD,-19.510071,147.304401,3
1744,4809,QLD,-19.53085,147.139821,3
1745,4810,QLD,-19.227783,146.764659,3
1746,4811,QLD,-19.323109,146.840325,3
1747,4812,QLD,-19.286635,146.787716,3
1748,4814,QLD,-19.285821,146.754745,3
1749,4815,QLD,-19.372329,146.707586,2
1750,4816,QLD,-19.787858,146.791529,3
1751,4817,QLD,-19.310498,146.652307,2
1752,4818,QLD,-19.23794,146.540275,2
1753,4819,QLD,-19.143944,146.831766,3
1754,4820,QLD,-20.08221328,146.2483755,2
1755,4821,QLD,-20.79424,144.218437,3
1756,4822,QLD,-21.32840736,142.604872,3
1757,4823,QLD,-19.214466,141.243755,3
1758,4824,QLD,-20.777471,140.652531,3
1759,4825,QLD,-21.017327,137.432341,3
1760,4828,QLD,-19.543752,138.350723,3
1761,4829,QLD,-23.329938,140.22124,2
1762,4830,QLD,-17.956336,138.862024,3
1763,4849,QLD,-18.265652,146.027929,3
1764,4850,QLD,-18.552533,146.49572,3
1765,4852,QLD,-17.830091,146.09996,3
1766,4854,QLD,-18.020178,145.842063,3
1767,4855,QLD,-17.815378,146.010914,3
1768,4856,QLD,-17.741424,145.924432,3
1769,4858,QLD,-17.622583,146.078807,3
1770,4859,QLD,-17.608772,145.959335,3
1771,4860,QLD,-17.520343,145.888782,3
1772,4861,QLD,-17.352821,145.872166,3
1773,4865,QLD,-17.095516,145.782765,2
1774,4868,QLD,-16.993753,145.729193,3
1775,4869,QLD,-17.025592,145.730423,3
1776,4870,QLD,-16.923761,145.742303,3
1777,4871,QLD,-16.934184,145.994075,3
1778,4872,QLD,-18.028128,145.157257,3
1779,4873,QLD,-16.230854,145.299094,3
1780,4874,QLD,-12.533944,142.267938,3
1781,4875,QLD,-9.584901,143.769211,3
1782,4876,QLD,-11.33852,142.465399,3
1783,4877,QLD,-16.535286,145.467604,4
1784,4878,QLD,-16.839378,145.711531,3
1785,4879,QLD,-16.789777,145.666474,3
1786,4880,QLD,-17.0488028,145.2931511,4
1787,4881,QLD,-16.91252285,145.5578365,4
1788,4882,QLD,-17.202517,145.47284,3
1789,4883,QLD,-17.33327,145.476659,4
1790,4884,QLD,-17.26633269,145.7215575,3
1791,4885,QLD,-17.384187,145.624143,3
1792,4886,QLD,-17.535676,145.633789,3
1793,4887,QLD,-17.384931,145.386636,4
1794,4888,QLD,-17.499336,145.491052,3
1795,4890,QLD,-17.741867,141.185062,3
1796,4891,QLD,-17.447378,140.92883,4
1797,4892,QLD,-17.79980535,143.4395495,3
1798,4895,QLD,-19.7061005,145.7740021,3
1799,5000,SA,-34.937459,138.608637,4
1800,5006,SA,-34.911523,138.584497,3
1801,5007,SA,-34.903259,138.56787,3
1802,5008,SA,-34.887511,138.559407,4
1803,5009,SA,-34.896906,138.542493,4
1804,5010,SA,-34.857497,138.558318,4
1805,5011,SA,-34.87089128,138.5353265,4
1806,5012,SA,-34.86303,138.541637,4
1807,5013,SA,-34.841984,138.553453,3
1808,5014,SA,-34.86475,138.509247,3
1809,5015,SA,-34.808422,138.531567,3
1810,5016,SA,-34.824516,138.493796,2
1811,5017,SA,-34.806494,138.498128,3
1812,5018,SA,-34.779057,138.49958,3
1813,5019,SA,-34.847707,138.477054,3
1814,5020,SA,-34.867318,138.481639,3
1815,5021,SA,-34.86628,138.492908,3
1816,5022,SA,-34.905461,138.49264,2
1817,5023,SA,-34.90073,138.51199,3
1818,5024,SA,-34.948827,138.506052,4
1819,5025,SA,-34.912384,138.529573,3
1820,5031,SA,-34.936926,138.570873,3
1821,5032,SA,-34.935734,138.544358,3
1822,5033,SA,-34.938858,138.558451,3
1823,5034,SA,-34.956227,138.58811,3
1824,5035,SA,-34.952075,138.575187,3
1825,5037,SA,-34.957399,138.545826,3
1826,5038,SA,-34.968051,138.548367,3
1827,5039,SA,-34.976263,138.570739,3
1828,5040,SA,-34.963083,138.527412,3
1829,5041,SA,-35.00298,138.594176,3
1830,5042,SA,-35.007341,138.575023,2
1831,5043,SA,-35.005492,138.553853,2
1832,5044,SA,-35.001213,138.516314,3
1833,5045,SA,-34.977122,138.516973,2
1834,5046,SA,-35.003794,138.535434,3
1835,5047,SA,-35.030702,138.546572,2
1836,5048,SA,-35.017416,138.520459,2
1837,5049,SA,-35.045389,138.52272,2
1838,5050,SA,-35.026307,138.601272,3
1839,5051,SA,-35.033769,138.620405,3
1840,5052,SA,-35.003888,138.618684,2
1841,5061,SA,-34.957195,138.60648,2
1842,5062,SA,-35.004063,138.602387,2
1843,5063,SA,-34.954325,138.621477,3
1844,5064,SA,-34.963195,138.649183,3
1845,5065,SA,-34.940362,138.633974,3
1846,5066,SA,-34.940962,138.66029,2
1847,5067,SA,-34.919985,138.630575,2
1848,5068,SA,-34.922605,138.654999,3
1849,5069,SA,-34.907597,138.623527,3
1850,5070,SA,-34.900496,138.642172,3
1851,5072,SA,-34.912078,138.696113,3
1852,5073,SA,-34.89528,138.683151,2
1853,5074,SA,-34.884233,138.669275,2
1854,5075,SA,-34.861332,138.675254,3
1855,5076,SA,-34.873844,138.703683,3
1856,5081,SA,-34.891417,138.617673,2
1857,5082,SA,-34.886018,138.587083,2
1858,5083,SA,-34.879357,138.609927,2
1859,5084,SA,-34.864409,138.581605,2
1860,5085,SA,-34.856239,138.612959,2
1861,5086,SA,-34.854247,138.64344,2
1862,5087,SA,-34.876988,138.637707,3
1863,5088,SA,-34.847141,138.673783,2
1864,5089,SA,-34.851049,138.724487,3
1865,5090,SA,-34.843346,138.704628,3
1866,5091,SA,-34.822615,138.735572,2
1867,5092,SA,-34.821319,138.680226,3
1868,5093,SA,-34.83977,138.657974,3
1869,5094,SA,-34.802736,138.581513,3
1870,5095,SA,-34.820685,138.6199,3
1871,5096,SA,-34.798549,138.644685,3
1872,5097,SA,-34.819614,138.707261,2
1873,5098,SA,-34.829603,138.638946,3
1874,5106,SA,-34.793169,138.629463,2
1875,5107,SA,-34.784447,138.609874,2
1876,5108,SA,-34.761553,138.61884,2
1877,5109,SA,-34.771432,138.663871,2
1878,5110,SA,-34.72213,138.565037,3
1879,5111,SA,-34.709347,138.62532,2
1880,5112,SA,-34.726229,138.666615,2
1881,5113,SA,-34.702506,138.674449,3
1882,5114,SA,-34.718681,138.754254,3
1883,5115,SA,-34.669486,138.681702,3
1884,5116,SA,-34.622783,138.724059,3
1885,5117,SA,-34.641267,138.636537,3
1886,5118,SA,-34.58378,138.705675,3
1887,5120,SA,-34.668553,138.507899,3
1888,5121,SA,-34.68857809,138.6507658,3
1889,5125,SA,-34.773234,138.738733,3
1890,5126,SA,-34.793414,138.724953,3
1891,5127,SA,-34.796682,138.674657,3
1892,5131,SA,-34.795292,138.758111,3
1893,5132,SA,-34.857324,138.75703,3
1894,5133,SA,-34.810928,138.776976,3
1895,5134,SA,-34.891863,138.760552,3
1896,5136,SA,-34.921123,138.735107,4
1897,5137,SA,-34.945777,138.735962,3
1898,5138,SA,-34.934914,138.768586,3
1899,5139,SA,-34.924843,138.788705,3
1900,5140,SA,-34.939245,138.710203,3
1901,5141,SA,-34.957325,138.722419,3
1902,5142,SA,-34.960813,138.740223,3
1903,5144,SA,-34.968504,138.769031,3
1904,5150,SA,-35.010886,138.654942,3
1905,5151,SA,-34.974283,138.723897,3
1906,5152,SA,-34.998401,138.703957,3
1907,5153,SA,-35.091002,138.757945,3
1908,5154,SA,-35.023252,138.73592,3
1909,5155,SA,-35.020077,138.756728,3
1910,5156,SA,-35.030185,138.656697,3
1911,5157,SA,-35.143492,138.633118,3
1912,5158,SA,-35.084001,138.519781,4
1913,5159,SA,-35.061705,138.603897,4
1914,5160,SA,-35.110123,138.50172,4
1915,5161,SA,-35.096383,138.515652,3
1916,5162,SA,-35.112119,138.565224,3
1917,5163,SA,-35.147923,138.552209,3
1918,5164,SA,-35.124824,138.500365,3
1919,5165,SA,-35.137389,138.475092,1
1920,5166,SA,-35.115305,138.478636,2
1921,5167,SA,-35.166866,138.481211,2
1922,5168,SA,-35.149737,138.49632,1
1923,5169,SA,-35.194211,138.477958,1
1924,5170,SA,-35.237265,138.478943,1
1925,5171,SA,-35.196481,138.553437,1
1926,5172,SA,-35.28775,138.555169,1
1927,5173,SA,-35.290568,138.470002,1
1928,5174,SA,-35.330569,138.47117,1
1929,5201,SA,-35.206107,138.727179,1
1930,5202,SA,-35.386025,138.505922,1
1931,5203,SA,-35.450839,138.388132,1
1932,5204,SA,-35.572164,138.324567,1
1933,5210,SA,-35.387709,138.655684,1
1934,5211,SA,-35.566153,138.627975,2
1935,5212,SA,-35.520797,138.668775,2
1936,5213,SA,-35.500615,138.710195,1
1937,5214,SA,-35.491206,138.834806,2
1938,5220,SA,-35.744959,137.236746,2
1939,5221,SA,-35.793776,137.72022,2
1940,5222,SA,-35.803421,137.924659,2
1941,5223,SA,-35.811358,137.541715,2
1942,5231,SA,-34.81588636,138.839512,1
1943,5232,SA,-34.855449,138.815964,2
1944,5233,SA,-34.839937,138.882403,1
1945,5234,SA,-34.805141,138.966075,2
1946,5235,SA,-34.705292,139.084565,1
1947,5236,SA,-34.829433,139.051698,1
1948,5237,SA,-34.823114,139.191868,1
1949,5238,SA,-34.867709,139.497207,3
1950,5240,SA,-34.906905,138.815277,2
1951,5241,SA,-34.897167,138.864359,2
1952,5242,SA,-34.998416,138.819125,2
1953,5243,SA,-34.96322,138.828161,2
1954,5244,SA,-34.938664,138.946384,2
1955,5245,SA,-35.020412,138.791651,2
1956,5250,SA,-35.0417052,138.8860811,2
1957,5251,SA,-35.13772392,138.8734306,1
1958,5252,SA,-35.035729,138.947189,1
1959,5253,SA,-35.109083,139.273641,1
1960,5254,SA,-35.097045,139.475946,1
1961,5255,SA,-35.248539,138.975861,1
1962,5256,SA,-35.492114,139.0336,1
1963,5259,SA,-35.521405,139.236567,1
1964,5260,SA,-35.233606,139.511686,1
1965,5261,SA,-35.59601,139.935161,1
1966,5262,SA,-36.780524,140.904543,1
1967,5263,SA,-37.307042,140.838441,1
1968,5264,SA,-35.669947,139.275737,1
1969,5265,SA,-35.718823,139.743422,1
1970,5266,SA,-35.902842,139.815539,1
1971,5267,SA,-36.093534,140.348707,1
1972,5268,SA,-36.189376,140.788199,
1973,5269,SA,-36.404918,140.601672,1
1974,5270,SA,-36.404918,140.601672,
1975,5271,SA,-36.792946,140.496496,1
1976,5272,SA,-37.162862,140.321798,
1977,5273,SA,-36.942586,140.246064,1
1978,5275,SA,-36.61323,139.937126,
1979,5276,SA,-37.214147,139.917377,
1980,5277,SA,-37.435507,140.852283,2
1981,5278,SA,-37.527142,140.616636,1
1982,5279,SA,-37.574691,140.462487,
1983,5280,SA,-37.449179,140.260783,1
1984,5290,SA,-37.839841,140.764545,1
1985,5291,SA,-37.927953,140.719634,1
1986,5301,SA,-35.449887,140.030554,1
1987,5302,SA,-35.579513,140.32532,1
1988,5303,SA,-35.191375,140.685318,1
1989,5304,SA,-35.05261065,140.7825075,1
1990,5306,SA,-35.096798,139.690888,1
1991,5307,SA,-35.037558,140.242147,1
1992,5308,SA,-34.627126,140.050653,1
1993,5309,SA,-34.850669,140.114394,1
1994,5310,SA,-34.794834,140.367313,1
1995,5311,SA,-34.721845,140.811093,1
1996,5320,SA,-34.01813129,139.4416527,2
1997,5321,SA,-34.064708,139.786627,2
1998,5322,SA,-34.177881,139.955939,2
1999,5330,SA,-33.94707,139.975421,2
2000,5331,SA,-34.2200272,140.3170402,1
2001,5332,SA,-34.251101,140.28104,1
2002,5333,SA,-34.35703813,140.6202534,1
2003,5340,SA,-34.176844,140.782026,1
2004,5341,SA,-33.739084,140.753178,1
2005,5342,SA,-34.240296,140.551874,1
2006,5343,SA,-34.321288,140.556181,1
2007,5344,SA,-34.285345,140.51443,2
2008,5345,SA,-34.187027,140.454506,1
2009,5346,SA,-34.250013,140.397201,1
2010,5350,SA,-34.550897,138.83423,2
2011,5351,SA,-34.638218,138.897802,2
2012,5352,SA,-34.54472249,138.9856268,2
2013,5353,SA,-34.577328,139.326979,2
2014,5354,SA,-34.538013,139.652642,2
2015,5355,SA,-34.443966,139.007886,2
2016,5356,SA,-34.39697297,139.3720816,2
2017,5357,SA,-34.343393,139.525937,2
2018,5360,SA,-34.446813,138.897955,2
2019,5371,SA,-34.41538531,138.7560699,2
2020,5372,SA,-34.435921,138.798551,2
2021,5373,SA,-34.303007,138.930335,2
2022,5374,SA,-34.152477,139.12488,3
2023,5381,SA,-33.965473,139.140266,2
2024,5400,SA,-34.42150567,138.7042845,2
2025,5401,SA,-34.29774,138.659866,2
2026,5410,SA,-34.366816,138.768325,
2027,5411,SA,-34.256363,138.772345,2
2028,5412,SA,-34.18289,138.775266,2
2029,5413,SA,-34.080278,138.883459,2
2030,5414,SA,-33.949431,138.773663,2
2031,5415,SA,-33.942677,138.722876,2
2032,5416,SA,-33.804669,138.796125,2
2033,5417,SA,-33.66497478,139.8482859,2
2034,5418,SA,-33.357329,139.143828,2
2035,5419,SA,-33.397741,138.893337,2
2036,5420,SA,-33.252592,138.961232,2
2037,5421,SA,-33.13467,138.985832,2
2038,5422,SA,-32.97338,138.771209,3
2039,5431,SA,-32.212021,138.883978,3
2040,5432,SA,-31.95109636,139.1945693,2
2041,5433,SA,-32.180856,138.1056,3
2042,5434,SA,-31.568218,138.70506,3
2043,5440,SA,-32.21594669,140.3153142,3
2044,5451,SA,-34.092233,138.620883,3
2045,5452,SA,-33.969454,138.652781,2
2046,5453,SA,-33.802932,138.582681,2
2047,5454,SA,-33.531714,138.604466,2
2048,5455,SA,-33.673948,138.633474,2
2049,5460,SA,-34.312427,138.517968,3
2050,5461,SA,-34.095314,138.444457,2
2051,5462,SA,-33.896378,138.43015,3
2052,5464,SA,-33.676424,138.39411,3
2053,5470,SA,-33.575379,138.482681,2
2054,5471,SA,-33.47611,138.424322,2
2055,5472,SA,-33.387234,138.410287,2
2056,5473,SA,-33.257131,138.351282,2
2057,5480,SA,-33.125751,138.319834,3
2058,5481,SA,-33.012446,138.239719,3
2059,5482,SA,-32.842201,138.357347,3
2060,5483,SA,-32.8863,138.12371,2
2061,5485,SA,-32.546383,138.207041,2
2062,5490,SA,-33.169137,138.482155,2
2063,5491,SA,-33.194457,138.643794,2
2064,5493,SA,-33.015031,138.746595,2
2065,5495,SA,-32.88219,137.946255,3
2066,5501,SA,-34.595073,138.547998,2
2067,5502,SA,-34.49618603,138.6228575,2
2068,5510,SA,-33.9491,138.188988,2
2069,5520,SA,-33.769107,138.12018,2
2070,5521,SA,-33.567546,138.210043,3
2071,5522,SA,-33.578188,138.003325,3
2072,5523,SA,-33.187701,138.2130413,3
2073,5540,SA,-33.205773,138.080191,3
2074,5550,SA,-34.093038,138.243785,2
2075,5552,SA,-34.061253,137.862942,2
2076,5554,SA,-33.928029,137.756193,2
2077,5555,SA,-33.656811,138.191161,3
2078,5556,SA,-33.950853,137.610828,2
2079,5558,SA,-34.105205,137.598449,2
2080,5560,SA,-33.895055,138.031867,2
2081,5570,SA,-34.272303,137.956861,2
2082,5571,SA,-34.51494,137.811541,2
2083,5572,SA,-34.237139,137.812526,3
2084,5573,SA,-34.514149,137.508603,2
2085,5575,SA,-34.823141,137.544605,2
2086,5576,SA,-35.050773,137.56046,2
2087,5577,SA,-34.91058608,137.1757976,2
2088,5580,SA,-34.658726,137.704719,2
2089,5581,SA,-34.789625,137.748829,2
2090,5582,SA,-34.94231,137.734592,2
2091,5583,SA,-35.117696,137.825935,2
2092,5600,SA,-33.036339,137.277293,2
2093,5601,SA,-32.91326147,137.7869937,2
2094,5602,SA,-33.530464,136.860876,2
2095,5603,SA,-33.831212,136.499961,2
2096,5604,SA,-34.00333,136.301759,2
2097,5605,SA,-34.2583,136.154091,2
2098,5606,SA,-35.373243,136.859338,2
2099,5607,SA,-35.156446,136.456454,2
2100,5608,SA,-33.05754209,137.5325164,3
2101,5609,SA,-33.14979064,137.4398767,3
2102,5611,SA,-33.1001,136.9795,3
2103,5630,SA,-34.420483,135.61222,3
2104,5631,SA,-34.285785,135.66453,3
2105,5632,SA,-34.129198,135.635831,3
2106,5633,SA,-33.448521,135.581933,3
2107,5640,SA,-33.606021,136.437661,3
2108,5641,SA,-33.100172,136.318517,3
2109,5642,SA,-33.558726,136.103172,3
2110,5650,SA,-33.152294,135.740152,3
2111,5651,SA,-33.169608,135.528428,3
2112,5652,SA,-33.091309,135.249834,3
2113,5653,SA,-32.967987,135.229267,3
2114,5654,SA,-32.833204,135.02092,3
2115,5655,SA,-32.58529275,135.0485689,3
2116,5660,SA,-32.5914954,134.5219878,3
2117,5661,SA,-32.34533569,134.7410492,3
2118,5670,SA,-33.409359,135.02078,3
2119,5671,SA,-33.21045,134.673762,3
2120,5680,SA,-32.672797,134.37909,4
2121,5690,SA,-32.282716,133.582274,4
2122,5700,SA,-32.69008918,137.7541107,4
2123,5701,SA,-30.31830574,139.3286491,4
2124,5710,SA,-27.467217,134.430044,3
2125,5713,SA,-32.3424,137.8719,3
2126,5715,SA,-32.3299,137.3609,4
2127,5717,SA,-32.2263,135.1706,3
2128,5719,SA,-30.59001247,135.5033983,4
2129,5720,SA,-31.11831978,136.9754357,4
2130,5722,SA,-30.779803,137.197175,4
2131,5723,SA,-27.79517514,135.5333868,4
2132,5724,SA,-27.180602,133.420868,4
2133,5725,SA,-30.430931,136.746735,4
2134,5730,SA,-31.12462639,138.5935035,4
2135,5731,SA,-28.87101485,140.7244103,3
2136,5732,SA,-30.65815918,138.8558557,3
2137,5733,SA,-26.32008739,138.9717811,3
2138,5734,SA,-26.09784494,134.7481913,2
2139,5950,SA,-34.945146,138.530183,3
2140,6000,WA,-31.948762,115.859912,3
2141,6003,WA,-31.939272,115.869136,3
2142,6004,WA,-31.956931,115.874601,3
2143,6005,WA,-31.95707,115.836896,3
2144,6006,WA,-31.92934,115.852913,3
2145,6007,WA,-31.935675,115.834335,3
2146,6008,WA,-31.956599,115.811432,3
2147,6009,WA,-31.985791,115.804692,3
2148,6010,WA,-31.971647,115.77639,3
2149,6011,WA,-31.996371,115.757646,3
2150,6012,WA,-32.015976,115.763404,3
2151,6014,WA,-31.936389,115.808169,3
2152,6015,WA,-31.938454,115.764683,3
2153,6016,WA,-31.921222,115.831181,3
2154,6017,WA,-31.908357,115.814562,3
2155,6018,WA,-31.891957,115.786821,3
2156,6019,WA,-31.90733,115.769183,3
2157,6020,WA,-31.852698,115.765396,3
2158,6021,WA,-31.871671,115.811933,3
2159,6022,WA,-31.851998,115.80924,3
2160,6023,WA,-31.834469,115.774028,3
2161,6024,WA,-31.83489,115.803068,3
2162,6025,WA,-31.79583,115.754405,3
2163,6026,WA,-31.801707,115.799832,3
2164,6027,WA,-31.763347,115.756405,3
2165,6028,WA,-31.733717,115.747655,3
2166,6029,WA,-31.876897,115.755689,3
2167,6030,WA,-31.687341,115.711684,3
2168,6031,WA,-31.692538,115.772138,3
2169,6032,WA,-31.643227,115.74887,3
2170,6033,WA,-31.609115,115.711357,3
2171,6034,WA,-31.585614,115.663878,3
2172,6035,WA,-31.524716,115.729901,3
2173,6036,WA,-31.649385,115.70986,3
2174,6037,WA,-31.48847,115.616105,3
2175,6038,WA,-32.289149,115.723047,3
2176,6041,WA,-31.379673,115.568551,3
2177,6042,WA,-31.254414,115.508625,3
2178,6043,WA,-31.141763,115.424522,3
2179,6044,WA,-30.972846,115.424656,3
2180,6050,WA,-31.930574,115.871864,4
2181,6051,WA,-31.938107,115.899589,4
2182,6052,WA,-31.915463,115.883976,4
2183,6053,WA,-31.920863,115.914851,4
2184,6054,WA,-31.901801,115.942572,4
2185,6055,WA,-31.82796346,115.9734135,3
2186,6056,WA,-31.838398,116.0261,3
2187,6057,WA,-31.94994,116.004245,3
2188,6058,WA,-31.985241,116.006688,4
2189,6059,WA,-31.882862,115.861726,3
2190,6060,WA,-31.903241,115.840879,3
2191,6061,WA,-31.864113,115.843478,3
2192,6062,WA,-31.886322,115.89088,3
2193,6063,WA,-31.866822,115.937824,3
2194,6064,WA,-31.835333,115.849098,3
2195,6065,WA,-31.69444,115.845329,3
2196,6066,WA,-31.84269,115.896508,3
2197,6067,WA,-31.816059,115.899644,3
2198,6068,WA,-31.826199,115.941108,4
2199,6069,WA,-31.78156868,115.989248,4
2200,6070,WA,-31.929036,116.079266,3
2201,6071,WA,-31.889087,116.100432,3
2202,6072,WA,-31.907828,116.132045,4
2203,6073,WA,-31.949349,116.28143,4
2204,6074,WA,-31.896593,116.20454,4
2205,6076,WA,-32.108961,116.208263,4
2206,6077,WA,-31.69444,115.845329,4
2207,6078,WA,-31.69444,115.845329,4
2208,6079,WA,-31.69444,115.845329,3
2209,6081,WA,-31.876046,116.146074,5
2210,6082,WA,-31.738368,116.295706,5
2211,6083,WA,-31.793051,116.196639,5
2212,6084,WA,-31.622021,116.072828,5
2213,6090,WA,-31.862589,115.894254,3
2214,6100,WA,-31.971725,115.896029,4
2215,6101,WA,-31.985247,115.908576,4
2216,6102,WA,-32.005644,115.904425,4
2217,6103,WA,-31.960364,115.913458,4
2218,6104,WA,-31.965498,115.977633,3
2219,6105,WA,-31.95388,115.963293,4
2220,6106,WA,-31.992082,115.945564,5
2221,6107,WA,-32.017663,115.967142,4
2222,6108,WA,-32.06089,115.953584,
2223,6109,WA,-32.039897,116.013165,1
2224,6110,WA,-32.078535,116.008603,5
2225,6111,WA,-32.10398,116.192636,5
2226,6112,WA,-32.158675,115.997934,1
2227,6121,WA,-32.208934,115.916459,1
2228,6122,WA,-32.221725,116.0072,1
2229,6123,WA,-32.295176,115.98589,1
2230,6124,WA,-32.338316,116.072494,1
2231,6125,WA,-32.364427,115.901277,1
2232,6126,WA,-32.440033,115.977043,1
2233,6147,WA,-32.043771,115.941353,1
2234,6148,WA,-32.030183,115.924691,1
2235,6149,WA,-32.064941,115.858679,1
2236,6150,WA,-32.061682,115.833608,1
2237,6151,WA,-31.982199,115.869482,1
2238,6152,WA,-32.008509,115.870058,1
2239,6153,WA,-32.024363,115.837525,1
2240,6154,WA,-32.040061,115.825994,1
2241,6155,WA,-32.061501,115.890779,1
2242,6156,WA,-32.03954,115.800233,1
2243,6157,WA,-32.038228,115.783732,1
2244,6158,WA,-32.038541,115.766561,1
2245,6159,WA,-32.035224,115.750311,1
2246,6160,WA,-32.054065,115.754545,1
2247,6161,WA,-32.005554,115.520516,1
2248,6162,WA,-32.068768,115.759022,1
2249,6163,WA,-32.084784,115.798722,1
2250,6164,WA,-32.131993,115.854584,1
2251,6165,WA,-32.19598,115.799431,1
2252,6166,WA,-32.158361,115.790704,1
2253,6167,WA,-32.223657,115.835308,1
2254,6168,WA,-32.281957,115.75773,1
2255,6169,WA,-32.338504,115.763949,1
2256,6170,WA,-32.265645,115.835972,1
2257,6171,WA,-32.328863,115.833257,1
2258,6172,WA,-32.37547,115.753147,1
2259,6173,WA,-32.407414,115.757908,1
2260,6174,WA,-32.42656,115.760224,1
2261,6175,WA,-32.445896,115.755289,1
2262,6176,WA,-32.421669,115.814323,1
2263,6180,WA,-32.557981,115.728286,1
2264,6181,WA,-32.557981,115.728286,1
2265,6182,WA,-32.44631007,115.832257,1
2266,6207,WA,-32.514294,115.959595,1
2267,6208,WA,-32.630616,115.847592,1
2268,6209,WA,-32.557981,115.728286,1
2269,6210,WA,-32.557981,115.728286,1
2270,6211,WA,-32.557981,115.728286,1
2271,6213,WA,-32.702065,116.128249,1
2272,6214,WA,-32.750429,115.859383,1
2273,6215,WA,-32.853807,115.896715,1
2274,6218,WA,-32.946154,115.903112,1
2275,6219,WA,#N/A,#N/A,1
2276,6220,WA,-33.031221,116.029777,1
2277,6221,WA,-33.119332,115.907354,1
2278,6223,WA,-33.18208,115.903221,1
2279,6224,WA,-33.245138,115.846788,2
2280,6225,WA,-33.35257,116.204886,1
2281,6226,WA,-33.291834,115.847234,2
2282,6227,WA,-33.322813,115.868603,1
2283,6228,WA,-33.338057,115.776497,1
2284,6229,WA,-33.352103,115.707383,1
2285,6230,WA,-33.341076,115.649205,1
2286,6232,WA,-33.316625,115.704263,1
2287,6233,WA,-33.279034,115.71443,1
2288,6236,WA,-33.410436,115.828921,1
2289,6237,WA,-33.475994,115.674056,1
2290,6239,WA,-33.564872,115.923933,1
2291,6240,WA,-33.549593,115.966143,1
2292,6243,WA,-33.68873,116.206928,1
2293,6244,WA,-33.783171,116.506912,1
2294,6251,WA,-33.682661,115.888662,1
2295,6252,WA,-33.748279,115.956731,1
2296,6253,WA,-33.773937,116.03654,1
2297,6254,WA,-33.844406,116.072643,1
2298,6255,WA,-33.971605,116.155378,1
2299,6256,WA,-34.052334,116.166583,1
2300,6258,WA,-34.312823,116.402179,1
2301,6260,WA,-34.438738,115.860627,1
2302,6262,WA,-34.706106,116.141244,1
2303,6271,WA,-33.621176,115.615674,1
2304,6275,WA,-34.055304,115.626518,1
2305,6280,WA,-33.728945,115.302732,1
2306,6281,WA,-33.610787,115.0768,1
2307,6282,WA,-33.722885,115.023916,1
2308,6284,WA,-33.857591,115.188682,1
2309,6285,WA,-33.941351,115.280972,1
2310,6286,WA,-34.061823,115.176529,1
2311,6288,WA,-34.171024,115.233622,1
2312,6290,WA,-34.293827,115.142231,1
2313,6302,WA,-31.896269,116.742895,1
2314,6304,WA,-32.176607,116.76028,1
2315,6306,WA,-32.296524,117.140629,1
2316,6308,WA,-32.579015,116.665242,1
2317,6309,WA,-32.668322,117.129227,1
2318,6311,WA,-32.803533,117.120895,1
2319,6312,WA,-32.979123,117.306862,1
2320,6313,WA,-33.05792,117.243277,1
2321,6315,WA,-33.286272,117.342795,1
2322,6316,WA,-33.532315,117.384564,1
2323,6317,WA,-33.647362,117.738912,1
2324,6318,WA,-33.862021,117.651128,1
2325,6320,WA,-34.096397,117.717905,1
2326,6321,WA,-34.26948,117.398532,1
2327,6322,WA,-34.411973,117.491623,1
2328,6323,WA,-34.486238,117.62552,1
2329,6324,WA,-34.618289,117.781468,1
2330,6326,WA,-34.769363,117.785337,1
2331,6327,WA,-34.858542,117.593417,1
2332,6328,WA,-34.919086,118.462801,1
2333,6330,WA,-34.905438,117.863286,1
2334,6333,WA,-34.902512,117.158861,1
2335,6335,WA,-33.869017,118.112783,1
2336,6336,WA,-33.928235,118.596801,1
2337,6337,WA,-33.990448,119.237195,1
2338,6338,WA,-34.362864,118.657118,1
2339,6341,WA,-33.513647,118.215173,1
2340,6343,WA,-33.535559,118.79925,1
2341,6346,WA,-33.319068,120.349013,1
2342,6348,WA,-33.881306,120.145773,1
2343,6350,WA,-33.281233,117.783872,1
2344,6351,WA,-33.189372,117.922069,1
2345,6352,WA,-33.185465,118.086163,1
2346,6353,WA,-33.131383,118.510341,1
2347,6355,WA,-33.032688,119.098339,1
2348,6356,WA,-32.88527809,120.1323996,1
2349,6357,WA,-32.80966,118.724162,1
2350,6358,WA,-32.483917,118.671921,1
2351,6359,WA,-32.42539,119.311209,1
2352,6361,WA,-32.9894,117.7572,1
2353,6363,WA,-32.919792,118.004212,1
2354,6365,WA,-32.723142,118.288784,1
2355,6367,WA,-32.422646,118.351936,1
2356,6368,WA,-32.189465,118.339949,1
2357,6369,WA,-32.023679,118.806453,1
2358,6370,WA,-32.80605,117.626013,1
2359,6372,WA,-32.62616,117.690219,1
2360,6373,WA,-32.495421,117.763902,1
2361,6375,WA,-32.286284,117.879836,1
2362,6383,WA,-31.951084,117.406271,2
2363,6384,WA,-31.955552,117.666205,1
2364,6385,WA,-31.902072,117.747301,1
2365,6386,WA,-31.950074,117.815142,1
2366,6390,WA,-32.805438,116.413369,1
2367,6391,WA,-33.0633,116.773204,1
2368,6392,WA,-33.400929,116.625294,1
2369,6393,WA,-33.538228,116.85396,1
2370,6394,WA,-33.83319,116.972036,1
2371,6395,WA,-33.885153,117.065276,1
2372,6396,WA,-34.372016,117.096189,1
2373,6397,WA,-34.543671,116.955359,1
2374,6398,WA,-34.788611,116.604043,1
2375,6401,WA,-31.640292,116.681727,1
2376,6403,WA,-31.643902,116.797476,1
2377,6405,WA,-31.605825,117.020194,1
2378,6407,WA,-31.651142,117.222062,1
2379,6409,WA,-31.605391,117.471029,1
2380,6410,WA,-31.579991,117.679993,1
2381,6411,WA,-31.550535,117.905311,1
2382,6412,WA,-31.601076,117.979823,1
2383,6413,WA,-31.555637,118.064042,1
2384,6414,WA,-31.526755,118.167797,1
2385,6415,WA,-31.481223,118.289983,1
2386,6418,WA,-31.895542,118.1626,1
2387,6419,WA,-32.031182,118.097777,1
2388,6420,WA,-31.748338,118.718262,1
2389,6421,WA,-31.327544,118.524208,1
2390,6422,WA,-31.384119,118.564405,1
2391,6423,WA,-31.169257,118.681242,1
2392,6424,WA,-31.296345,118.896267,1
2393,6425,WA,-31.398146,119.143202,1
2394,6426,WA,-30.361305,119.311267,1
2395,6427,WA,-30.850566,119.540903,1
2396,6428,WA,-32.142001,118.020545,1
2397,6429,WA,-30.949795,120.898892,1
2398,6430,WA,-30.599071,121.446478,1
2399,6431,WA,-30.40364,122.683881,1
2400,6432,WA,-30.871011,121.541783,1
2401,6434,WA,-30.820157,125.672818,1
2402,6436,WA,-29.602251,124.856838,1
2403,6437,WA,-27.68439,120.529798,1
2404,6438,WA,-28.900034,121.092655,1
2405,6440,WA,-26.168944,125.733157,1
2406,6442,WA,-31.318648,121.997641,1
2407,6443,WA,-32.39502,123.744186,1
2408,6445,WA,-32.981696,121.638735,1
2409,6446,WA,-33.223445,121.682321,1
2410,6447,WA,-33.451323,121.732214,1
2411,6448,WA,-33.650554,121.798896,1
2412,6450,WA,-33.401152,122.211127,1
2413,6452,WA,-32.91833,122.895,1
2414,6460,WA,-31.266649,116.779032,1
2415,6461,WA,-31.140717,117.083327,1
2416,6462,WA,-31.125288,117.204349,1
2417,6463,WA,-31.126499,117.249295,1
2418,6465,WA,-30.859977,117.071157,1
2419,6466,WA,-30.719092,117.100375,1
2420,6467,WA,-30.561306,117.153374,1
2421,6468,WA,-30.214559,117.144456,1
2422,6470,WA,-30.466429,117.287007,1
2423,6472,WA,-30.261439,117.789878,1
2424,6473,WA,-30.488998,118.13352,2
2425,6475,WA,-30.613981,117.440487,2
2426,6476,WA,-30.764934,117.679166,2
2427,6477,WA,-30.775956,117.93876,1
2428,6479,WA,-30.748419,118.448501,1
2429,6480,WA,-31.290084,118.22061,1
2430,6484,WA,-30.960681,119.078912,1
2431,6485,WA,-31.184717,117.381055,1
2432,6487,WA,-31.168259,117.660055,1
2433,6488,WA,-31.127571,117.735836,1
2434,6489,WA,-31.12327,117.945624,1
2435,6490,WA,-31.161835,118.107061,1
2436,6501,WA,-31.541813,115.945497,1
2437,6502,WA,-31.297561,116.184272,1
2438,6503,WA,-31.237406,115.82111,1
2439,6504,WA,-31.310791,116.042298,1
2440,6505,WA,-31.161423,116.104431,1
2441,6506,WA,-31.070282,116.110277,1
2442,6507,WA,-30.72155,115.718713,1
2443,6509,WA,-30.912266,116.252618,1
2444,6510,WA,-30.701145,116.090272,1
2445,6511,WA,-30.568116,115.250201,1
2446,6512,WA,-30.446675,116.070173,1
2447,6513,WA,-30.27368,116.060619,1
2448,6514,WA,-30.027371,115.087155,1
2449,6515,WA,-29.967278,115.856422,1
2450,6516,WA,-30.22554,115.20926,1
2451,6517,WA,-29.740667,115.839422,1
2452,6518,WA,-29.774917,115.180736,1
2453,6519,WA,-29.514304,115.597715,1
2454,6521,WA,-30.348514,115.640925,1
2455,6522,WA,-29.139369,115.485567,1
2456,6525,WA,-29.327323,115.098073,1
2457,6528,WA,-28.985892,114.815184,1
2458,6530,WA,-28.802491,114.862505,1
2459,6532,WA,-28.440886,115.004595,1
2460,6535,WA,-27.832196,114.852437,1
2461,6536,WA,-27.541838,114.379678,1
2462,6537,WA,-26.904889,114.627287,1
2463,6556,WA,-31.860591,116.310249,1
2464,6558,WA,-31.771446,116.313391,1
2465,6560,WA,-31.817666,116.428564,1
2466,6562,WA,-31.746189,116.473434,1
2467,6564,WA,-31.726613,116.538966,1
2468,6566,WA,-31.484853,116.38064,1
2469,6567,WA,-31.459208,116.419958,1
2470,6568,WA,-31.246581,116.537461,1
2471,6569,WA,-31.085084,116.452845,1
2472,6571,WA,-30.940448,116.396621,1
2473,6572,WA,-30.804675,116.396304,1
2474,6574,WA,-30.650914,116.425241,1
2475,6575,WA,-30.410873,116.424426,1
2476,6603,WA,-30.874243,116.725982,1
2477,6605,WA,-30.730158,116.762957,1
2478,6606,WA,-30.614263,116.829163,1
2479,6608,WA,-30.429334,116.826594,1
2480,6609,WA,-30.266489,116.750631,1
2481,6612,WA,-29.545139,117.835179,1
2482,6613,WA,-29.962626,116.523551,1
2483,6614,WA,-29.888797,116.551869,1
2484,6616,WA,-29.76691,116.434223,1
2485,6620,WA,-29.62372971,116.6013512,1
2486,6623,WA,-29.021683,116.120459,1
2487,6625,WA,-29.107426,115.946714,1
2488,6627,WA,-28.850457,115.902023,1
2489,6628,WA,-28.833846,115.764797,1
2490,6630,WA,-27.569679,115.72384,1
2491,6631,WA,-28.46368,115.755437,1
2492,6632,WA,-28.619887,115.338356,1
2493,6635,WA,-28.150726,116.689412,1
2494,6638,WA,-28.612449,118.157573,1
2495,6639,WA,-27.68492,119.409802,1
2496,6640,WA,-27.003199,117.674648,1
2497,6642,WA,-25.639378,118.554936,1
2498,6646,WA,-25.912724,121.214907,1
2499,6701,WA,-24.734545,115.15198,2
2500,6705,WA,-25.111289,115.011494,1
2501,6707,WA,-22.265028,113.954791,2
2502,6710,WA,-22.133456,115.448968,1
2503,6712,WA,-20.785813,115.407335,2
2504,6713,WA,-20.676313,116.709548,2
2505,6714,WA,-21.145063,116.349933,2
2506,6716,WA,-21.605319,116.311985,2
2507,6718,WA,-20.971499,117.740969,2
2508,6720,WA,-20.699288,117.067614,2
2509,6721,WA,-20.710799,118.441716,2
2510,6722,WA,-20.407853,118.606673,2
2511,6725,WA,-18.773365,122.753792,2
2512,6726,WA,-17.950181,122.196423,2
2513,6728,WA,-17.090606,124.591962,2
2514,6740,WA,-14.962686,128.397192,2
2515,6743,WA,-17.293532,129.662008,2
2516,6751,WA,-22.141251,117.057776,2
2517,6753,WA,-23.154069,119.714082,3
2518,6754,WA,-23.303751,117.47663,2
2519,6758,WA,-22.055582,120.282267,2
2520,6760,WA,-22.026615,124.383893,2
2521,6762,WA,-21.712224,122.224801,2
2522,6765,WA,-18.752827,125.282055,2
2523,6770,WA,-18.705507,127.320764,3
2524,6798,WA,-10.487053,105.64067,2
2525,6799,WA,-12.169719,96.83152,2
2526,7000,Tas,-42.878355,147.308002,3
2527,7004,Tas,-42.890148,147.328928,3
2528,7005,Tas,-42.916204,147.3368,3
2529,7007,Tas,-42.922863,147.319501,3
2530,7008,Tas,-42.861932,147.293268,3
2531,7009,Tas,-42.842607,147.289682,3
2532,7010,Tas,-42.85913,147.212366,3
2533,7011,Tas,-42.793393,147.230065,3
2534,7012,Tas,-42.833718,147.174382,3
2535,7015,Tas,-42.83903,147.360174,3
2536,7016,Tas,-42.813551,147.346381,3
2537,7017,Tas,-42.719274,147.315111,3
2538,7018,Tas,-42.877588,147.385681,3
2539,7019,Tas,-42.898778,147.433337,3
2540,7020,Tas,-42.965741,147.47851,3
2541,7021,Tas,-42.906796,147.480017,3
2542,7022,Tas,-43.053156,147.47988,3
2543,7023,Tas,-42.988314,147.409324,3
2544,7024,Tas,-42.950412,147.512182,3
2545,7025,Tas,-42.730264,147.439671,3
2546,7026,Tas,-42.646044,147.451363,3
2547,7027,Tas,-42.536377,147.383495,3
2548,7030,Tas,-42.304288,146.958381,3
2549,7050,Tas,-42.975502,147.298181,3
2550,7052,Tas,-43.008052,147.309302,3
2551,7053,Tas,-42.947314,147.334695,3
2552,7054,Tas,-43.00658,147.256698,3
2553,7055,Tas,-42.994715,147.285203,3
2554,7109,Tas,-43.571087,146.524064,3
2555,7112,Tas,-43.291937,147.140014,2
2556,7113,Tas,-43.091051,146.970489,2
2557,7116,Tas,-43.262123,147.03435,2
2558,7117,Tas,-43.338435,147.040135,2
2559,7119,Tas,-42.431887,147.365372,2
2560,7120,Tas,-42.31694,147.48727,2
2561,7139,Tas,-42.715494,145.925302,1
2562,7140,Tas,-42.544215,146.45502,1
2563,7150,Tas,-43.077586,147.958441,1
2564,7155,Tas,-43.128868,147.216918,1
2565,7162,Tas,-43.158652,147.209628,2
2566,7163,Tas,-43.209774,147.227479,2
2567,7170,Tas,-42.85132,147.449794,2
2568,7171,Tas,-42.78011,147.488282,2
2569,7172,Tas,-42.730285,147.631695,2
2570,7173,Tas,-42.823649,147.630737,2
2571,7174,Tas,-42.807682,147.743285,2
2572,7175,Tas,-42.818606,147.828594,2
2573,7176,Tas,-42.753098,147.837675,2
2574,7177,Tas,-42.884195,147.976495,2
2575,7178,Tas,-42.958471,147.906152,2
2576,7179,Tas,-43.033826,147.944957,2
2577,7180,Tas,-43.138712,148.006561,2
2578,7182,Tas,-43.18182603,147.9387592,2
2579,7183,Tas,-43.171185,147.750593,2
2580,7184,Tas,-43.2198235,147.7904396,2
2581,7185,Tas,-43.062899,147.753782,2
2582,7186,Tas,-43.029525,147.663981,2
2583,7187,Tas,-43.027742,147.848028,2
2584,7190,Tas,-42.62988,148.091696,2
2585,7209,Tas,-42.104584,147.614307,2
2586,7210,Tas,-41.915923,147.410747,2
2587,7211,Tas,-41.788619,147.317089,3
2588,7212,Tas,-41.567876,147.488412,3
2589,7213,Tas,-41.828496,147.781593,2
2590,7214,Tas,-41.600719,147.897402,2
2591,7215,Tas,-42.314526,148.281407,3
2592,7216,Tas,-41.284242,148.076401,2
2593,7248,Tas,-41.397239,147.130185,2
2594,7249,Tas,-41.472435,147.157786,2
2595,7250,Tas,-41.432254,147.077589,2
2596,7252,Tas,-41.148031,146.99252,2
2597,7253,Tas,-41.117415,146.83066,2
2598,7254,Tas,-41.13407,147.198018,2
2599,7255,Tas,-39.949379,148.329247,2
2600,7256,Tas,-39.830946,144.159775,2
2601,7257,Tas,-40.505978,148.338962,2
2602,7258,Tas,-41.499942,147.209446,2
2603,7259,Tas,-41.358817,147.357686,2
2604,7260,Tas,-41.158791,147.502082,2
2605,7261,Tas,-41.12694,147.567819,2
2606,7262,Tas,-40.801511,147.630044,2
2607,7263,Tas,-41.308785,147.702655,2
2608,7264,Tas,-41.08241309,148.1887585,2
2609,7265,Tas,-41.08106,147.823431,2
2610,7267,Tas,-41.264912,147.086396,2
2611,7268,Tas,-41.333887,147.152757,2
2612,7270,Tas,-41.177924,146.783947,2
2613,7275,Tas,-41.319891,146.835317,2
2614,7276,Tas,-41.293081,146.972023,2
2615,7277,Tas,-41.366416,146.996977,2
2616,7290,Tas,-41.512507,147.068603,2
2617,7291,Tas,-41.530631,147.013597,2
2618,7292,Tas,-41.472098,146.944728,2
2619,7300,Tas,-41.616219,147.223173,2
2620,7301,Tas,-41.600123,147.046481,2
2621,7302,Tas,-41.70457,146.988293,2
2622,7303,Tas,-41.594913,146.815084,2
2623,7304,Tas,-41.710417,146.165998,2
2624,7305,Tas,-41.352322,146.412127,2
2625,7306,Tas,-41.465311,146.193428,2
2626,7307,Tas,-41.210495,146.57356,2
2627,7310,Tas,-41.237355,146.239406,2
2628,7315,Tas,-41.303174,146.072407,2
2629,7316,Tas,-41.269708,145.931776,2
2630,7320,Tas,-41.08422,145.862079,2
2631,7321,Tas,-41.456389,145.503726,2
2632,7322,Tas,-41.044472,145.804533,2
2633,7325,Tas,-41.100305,145.607556,2
2634,7330,Tas,-40.782341,145.057623,2
2635,7331,Tas,-40.758553,145.275421,2
2636,7466,Tas,-42.291313,145.807453,3
2637,7467,Tas,-42.093728,145.529693,3
2638,7468,Tas,-42.706031,145.537671,3
2639,7469,Tas,-41.784391,145.201632,3
2640,7470,Tas,-41.902129,145.500566,3
